"bill_payment_utility.java","BANKREC",1373,"Sql_Insert_Bank = ' INSERT INTO FAS.BANKREC ';"
"BrokCheqUnAuthoDataManager.java","BANKREC",434,"sql = 'SELECT NVL(PASS,'N') PASS,TO_CHAR(CLRDATE,'DD/MM/YYYY') CLEARDATE FROM FAS.BANKREC WHERE VOU=:vou ';"
"BrokChqAuthorizationDataManager.java","BANKREC",516,"sql = 'SELECT NVL(PASS,'N') PASS,TO_CHAR(CLRDATE,'DD/MM/YYYY') CLEARDATE FROM FAS.BANKREC WHERE VOU=:vou ';"
"brokchqauthorized_JV.java","BANKREC",1486,"stmt4 = ' SELECT NVL(PASS,'N') PASS,TO_CHAR(CLRDATE,'DD/MM/YYYY') CLEARDATE FROM FAS.BANKREC WHERE VOU = '' + rad2 + '' ';"
"brokchqauthorized_JV.java","BANKREC",1488,"stmt4 = ' SELECT NVL(PASS,'N') PASS,TO_CHAR(CLRDATE,'DD/MM/YYYY') CLEARDATE FROM FAS.BANKREC WHERE VOU = '' + rad1 + '' ';"
"brokchqauthorized_JV.java","BANKREC",2136,"stmt1 = ' DELETE FROM FAS.BANKREC WHERE VOU='' + rad2 + '' ';"
"brokchqauthorized_JV.java","BANKREC",2189,"stmt1 = ' DELETE FROM FAS.BANKREC WHERE VOU='' + rad1 + '' ';"
"enetfilecancelModel.java","BANKREC",152," FROM BANKREC ' +"
"fas_in_mfund.sql","BANKREC",28237,"INSERT INTO FAS.BANKREC ( FIRMCODE,VOU,TRDATE,TRNTYPE,AMOUNT,PASS,ACCODE,PARTYCODE,CH_NO )"
"rptPaymentRequest_detail.java","BANKREC",910,"String SQLsel='select to_char(CLRDATE,'dd/mm/yyyy') CLRDATE from BANKREC where VOU=? and PASS='Y'';"
,,,
"brokcheque.java","CATEGORY",8844,"String SQLselect=' SELECT PARTYCODE,PARTYNAME FROM FAS.PARTYMAST,FAS.CATEGORY ';"
"brokcheque.java","CATEGORY",8896,"String SQLselect=' SELECT PARTYCODE,PARTYNAME FROM FAS.PARTYMAST,FAS.CATEGORY ';"
"brokcheque.java","CATEGORY",8934,"String SQLselect=' SELECT PARTYCODE,PARTYNAME FROM FAS.PARTYMAST,FAS.CATEGORY ';"
"brokchequeutility_JV_Edit.java","CATEGORY",7932,"String SQLselect=' SELECT PARTYCODE,PARTYNAME FROM FAS.PARTYMAST,FAS.CATEGORY ';"
"brokchequeutility_JV_Edit.java","CATEGORY",7971,"String SQLselect=' SELECT PARTYCODE,PARTYNAME FROM FAS.PARTYMAST,FAS.CATEGORY ';"
"brokchequeutility_JV_Edit.java","CATEGORY",8033,"String SQLselect=' SELECT PARTYCODE,PARTYNAME FROM FAS.PARTYMAST,FAS.CATEGORY ';"
"brokchequeutility_JV.java","CATEGORY",13172,"String SQLselect=' SELECT PARTYCODE,PARTYNAME FROM FAS.PARTYMAST,FAS.CATEGORY ';"
"brokchequeutility_JV.java","CATEGORY",13237,"String SQLselect=' SELECT PARTYCODE,PARTYNAME FROM FAS.PARTYMAST,FAS.CATEGORY ';"
"brokchequeutility_JV.java","CATEGORY",13280,"String SQLselect=' SELECT PARTYCODE,PARTYNAME FROM FAS.PARTYMAST,FAS.CATEGORY ';"
"brokchqreceipt_JV.java","CATEGORY",9672,"String SQLselect=' SELECT PARTYCODE,PARTYNAME FROM FAS.PARTYMAST,FAS.CATEGORY ';"
"brokchqreceipt_JV.java","CATEGORY",9736,"String SQLselect=' SELECT PARTYCODE,PARTYNAME FROM FAS.PARTYMAST,FAS.CATEGORY ';"
"brokchqreceipt_JV.java","CATEGORY",9781,"String SQLselect=' SELECT PARTYCODE,PARTYNAME FROM FAS.PARTYMAST,FAS.CATEGORY ';"
"function_brokchq_util.java","CATEGORY",177,"String SQLselect=' SELECT PARTYCODE,PARTYNAME FROM FAS.PARTYMAST,FAS.CATEGORY ';"
"function_brokchq_util.java","CATEGORY",221,"String SQLselect=' SELECT PARTYCODE,PARTYNAME FROM FAS.PARTYMAST,FAS.CATEGORY ';"
"function_brokchq_util.java","CATEGORY",263,"String SQLselect=' SELECT PARTYCODE,PARTYNAME FROM FAS.PARTYMAST,FAS.CATEGORY ';"
"function_brokchq_util.java","CATEGORY",303,"String SQLselect=' SELECT PARTYCODE,PARTYNAME FROM FAS.PARTYMAST,FAS.CATEGORY ';"
"function_brokchq_util.java","CATEGORY",345,"String SQLselect=' SELECT PARTYCODE,PARTYNAME FROM FAS.PARTYMAST,FAS.CATEGORY ';"
"function_brokchq_util.java","CATEGORY",405,"String SQLselect=' SELECT PARTYCODE,PARTYNAME FROM FAS.PARTYMAST,FAS.CATEGORY ';"
"bill_payutility.java","FILE_GEN_DETAIL",1070,"sql_det = 'INSERT INTO FAS.FILE_GEN_DETAIL (ACCNO1,AMOUNT,ACNAME,CH_NO,DESC1,FILENO,VOU)' +"
"bill_payutility.java","FILE_GEN_DETAIL",1079,"sql_det = 'INSERT INTO FAS.FILE_GEN_DETAIL (ACCNO1,AMOUNT,DESC1,FILENO,VOU) ' +"
"bill_payutility.java","FILE_GEN_DETAIL",1089,"sql_det = 'INSERT INTO FAS.FILE_GEN_DETAIL (ACCNO1,AMOUNT,ACNAME,DESC1,IFS_CODE,FILENO,VOU) ' +"
"Bill_Process.java","FIRM",968,"stmt1='select firmname from fas.firm where firmcode=''+firmcode+'' ';"
"Bill_Process.java","FIRM",1232,"stmt1='select firmname from fas.firm where firmcode=''+firmcode+'' ';"
"Bill_Process.java","FIRM",1589,"stmt1='select firmname from fas.firm where firmcode=? ';"
"bill_save_auto_RAP.java","FIRM",1302,"stmt1 = 'select firmname from fas.firm where firmcode='' + firmcode + '' ';"
"bill_save_auto_RAP.java","FIRM",1597,"stmt1 = 'select firmname from fas.firm where firmcode='' + firmcode + '' ';"
"bill_save_auto_RAP.java","FIRM",1992,"stmt1 = 'select firmname from fas.firm where firmcode=? ';"
"bill_save_auto_RAP.java","FIRM",2908,"String SQLselect = ' SELECT FIRMCODE,FIRMNAME FROM FIRM WHERE IS_LOCKED = 0 ORDER BY FIRMNAME';"
"Bill_TR_NJP_Preview_ENROLL.java","FIRM",1994,"String SQLselect=' SELECT FIRMCODE,FIRMNAME FROM FIRM ORDER BY FIRMNAME';"
"Bill_TR_NJP_Preview.java","FIRM",2136,"String SQLselect=' SELECT FIRMCODE,FIRMNAME FROM FIRM ORDER BY FIRMNAME';"
"BrokChequeEntryDataManager.java","FIRM",159,"LEFT JOIN FAS.FIRM FRM ON(FRM.FIRMCODE=BCM.FIRM_BR) '+"
"BrokChequeEntryDataManager.java","FIRM",285," left JOIN FAS.FIRM F ON (F.FIRMCODE = MST.FIRM_BR) ' +"
"BrokChequeEntryDataManager.java","FIRM",323," inner join FAS.FIRM F ON (F.FIRMCODE =TR.FIRM_JV) ' +"
"BrokChequeEntryDataManager.java","FIRM",435,"+' inner join FAS.FIRM F ON (F.FIRMCODE =TR.FIRM_JV) '"
"BrokChequeEntryService.java","FIRM",469,"strSelect2 +=' INNER JOIN FAS.FIRM FRM ON(FRM.FIRMCODE=BROK_CHQ_TRN.FIRM_JV) ';"
"brokchequeutility_JV.java","FIRM",13430,"String SQLselect=' SELECT FIRMCODE,FIRMNAME FROM FAS.FIRM WHERE IS_LOCKED = 0 ORDER BY FIRMNAME';"
"BrokCheqUnAuthoDataManager.java","FIRM",246,"sql = 'SELECT count(*) cnt FROM FAS.FIRM WHERE IS_LOCKED !=0 AND FIRMCODE IN ( SELECT * FROM THE( SELECT STR2TBL(:firmcode) FROM DUAL )) ';"
"BrokChqAuthorizationDataManager.java","FIRM",322,"sql = 'SELECT count(*) cnt FROM FAS.FIRM WHERE IS_LOCKED !=0 AND FIRMCODE IN ( SELECT * FROM THE( SELECT STR2TBL(:firmcode) FROM DUAL )) ';"
"brokchqauthorized_JV.java","FIRM",1259,"stmt3 = ' SELECT FIRMCODE FROM FAS.FIRM WHERE TO_DATE('' + fas_to_date + '','dd/mm/yyyy') BETWEEN STARTDT AND ENDDT AND FIRMNAME LIKE '%NJ%INDIAINVEST%' ';"
"brokchqauthorized_JV.java","FIRM",1604,"stmt3 = ' SELECT FIRMCODE FROM FAS.FIRM WHERE TO_DATE('' + fas_incdate + '','dd/mm/yyyy') BETWEEN STARTDT AND ENDDT AND FIRMNAME LIKE '%NJ%INDIAINVEST%' ';"
"brokchqauthorized_JV.java","FIRM",1937,"stmt3 = ' SELECT FIRMCODE FROM FAS.FIRM WHERE TO_DATE('' + fas_to_date + '','dd/mm/yyyy') BETWEEN STARTDT AND ENDDT AND FIRMNAME LIKE '%NJ%INDIAINVEST%' ';"
"brokchqauthorized_JV.java","FIRM",2885,"String SQLselect=' SELECT FIRMCODE,FIRMNAME FROM FAS.FIRM WHERE IS_LOCKED = 0 ORDER BY FIRMNAME';"
"brokchqreport_JV.java","FIRM",1467,"String SQLselect=' SELECT FIRMCODE,FIRMNAME FROM FAS.FIRM WHERE IS_LOCKED = 0 ORDER BY FIRMNAME';"
"comboAcc.java","FIRM",316,"String SQLselect=' SELECT FIRMCODE FROM FIRM WHERE IS_LOCKED = 0 AND '' + firmdate.toString()+'' BETWEEN STARTDT AND ENDDT '"
"comboFunctions.java","FIRM",1128,"String SQLselect = ' SELECT FIRMCODE,FIRMNAME FROM FIRM WHERE IS_LOCKED = 0 ORDER BY FIRMNAME';"
"comboFunctions.java","FIRM",1174,"String SQLselect = ' SELECT FIRMCODE,FIRMNAME FROM FIRM WHERE IS_LOCKED = 0 ORDER BY FIRMNAME';"
"comboFuntions.java","FIRM",632,"SQLselect = 'SELECT FIRMCODE_JV,FIRMNAME FROM FAS.FIRM FR '+"
"comboParty.java","FIRM",318,"String SQLselect=' SELECT FIRMCODE FROM FIRM WHERE IS_LOCKED = 0 AND '' + firmdate.toString()+'' BETWEEN STARTDT AND ENDDT '"
"fas_in_mfund.sql","FIRM",129349,"EXECUTE IMMEDIATE 'SELECT FIRMCODE FROM FAS.FIRM WHERE :1 BETWEEN STARTDT AND ENDDT AND COMP_ID = ''29''' INTO FIRMCODE USING RECDATE;"
"fas_in_mfund.sql","FIRM",129363,"EXECUTE IMMEDIATE 'SELECT FIRMCODE FROM FAS.FIRM WHERE :1 BETWEEN STARTDT AND ENDDT AND COMP_ID = ''29''' INTO FIRMCODE USING FASFROMDATE;"
"function.java","FIRM",3157,"FROM FIRM ' +"
"HeadMasterManager.java","FIRM",304,"+ ' inner join FAS.FIRM frm on (frm.FIRMCODE = hm.FIRMCODE_BANK)'"
"HeadMasterManager.java","FIRM",367,"+ ' INNER JOIN FAS.FIRM FRM ON (HM.FIRMCODE_JV= FRM.FIRMCODE)'"
"MastServlet.java","FIRM",4615,"String SQLselect=' SELECT FIRMCODE,FIRMNAME FROM FIRM WHERE IS_LOCKED = 0 ORDER BY FIRMNAME';"
"MastServlet.java","FIRM",4646,"String SQLselect=' SELECT FIRMCODE,FIRMNAME FROM FIRM WHERE IS_LOCKED = 0 ORDER BY FIRMNAME';"
"MastServlet.java","FIRM",4682,"String SQLselect=' SELECT FIRMCODE,FIRMNAME FROM FIRM WHERE IS_LOCKED = 0 ORDER BY FIRMNAME';"
"MastServlet.java","FIRM",4715,"String SQLselect=' SELECT FIRMCODE,FIRMNAME FROM FIRM WHERE IS_LOCKED = 0 ORDER BY FIRMNAME';"
"print_tr_bill.java","FIRM",1326,"String SQLselect=' SELECT FIRMCODE,FIRMNAME FROM FIRM WHERE IS_LOCKED = 0 ORDER BY FIRMNAME';"
"Process_TR_Bill_NJP_pro.java","FIRM",772,"stmt1='select firmname from fas.firm where firmcode=''+firmcode+'' ';"
"Process_TR_Bill_NJP_pro.java","FIRM",975,"stmt1='select firmname from fas.firm where firmcode=''+firmcode+'' ';"
"Process_TR_Bill_NJP_pro.java","FIRM",1242,"stmt1='select firmname from fas.firm where firmcode=? ';"
"Process_TR_Bill_NJP.java","FIRM",770,"stmt1='select firmname from fas.firm where firmcode=''+firmcode+'' ';"
"Process_TR_Bill_NJP.java","FIRM",974,"stmt1='select firmname from fas.firm where firmcode=''+firmcode+'' ';"
"Process_TR_Bill_NJP.java","FIRM",1248,"stmt1='select firmname from fas.firm where firmcode=? ';"
"WA_Bill_Entry_PartnerModel.java","FIRM",33,"String SQLselect=' SELECT FIRMCODE FROM FIRM WHERE IS_LOCKED = 0 ' +"
"WA_Bill_Entry_PartnerModel.java","FIRM",45,"SQLselect=' SELECT FIRMCODE FROM FIRM WHERE IS_LOCKED = 0 ' +"
"WA_Bill_Entry_PartnerModel.java","FIRM",125," AND PM.FIRMCODE IN(SELECT FIRMCODE FROM FIRM WHERE IS_LOCKED = 0 ' +"
,,,
"AUMTransferEntity.java","LEDGER",1181,"String sql='SELECT COUNT(BILLNO) CNT FROM FAS.LEDGER ' +"
"bill_pay_utility_ENET.java","LEDGER",266,"SqlPay += ' INNER JOIN FAS.LEDGER FL ON (FL.BILLNO = BILLMST.BILLNO) ';"
"bill_pay_utility_ENET.java","LEDGER",594,"StrSql1 = ' UPDATE FAS.LEDGER SET FILENO=? ' +"
"bill_pay_utility_ENET.java","LEDGER",620,"sqllog11='SELECT VOU FROM FAS.LEDGER ' ;"
"bill_pay_utility_ENET.java","LEDGER",1410," FROM FAS.LEDGER FL ' +"
"bill_payment_utility.java","LEDGER",1332,"Sql_Accode += ' FROM FAS.LEDGER ';"
"bill_payment_utility.java","LEDGER",1344,"Sql_Insert_Led = 'INSERT INTO FAS.LEDGER ';"
"bill_payment_utility.java","LEDGER",1364,"Sql_chq_charge_jv = ' INSERT INTO FAS.LEDGER (firmcode,vou,trdate,accode,debit,credit,partycode,ch_no,draft,desc1,tdstype,' +"
"bill_payment_utility.java","LEDGER",1413,"Sql_JV_LinkVOU += ' FROM FAS.LEDGER ';"
"bill_payment_utility.java","LEDGER",2175,"stmt += ' FROM FAS.LEDGER ';"
"bill_payutility.java","LEDGER",1193,"sqllog11 = 'SELECT VOU FROM FAS.LEDGER ' +"
"bill_pdf_AM.java","LEDGER",527,"String sqlCH_NO = ' SELECT VOU,TRDATE,ACCODE,CREDIT,CH_NO,DRAFT FROM FAS.LEDGER ' +"
"bill_pdf_RP.java","LEDGER",472,"String sqlCH_NO = ' SELECT VOU,TRDATE,ACCODE,CREDIT,CH_NO,DRAFT FROM FAS.LEDGER ' +"
"bill_pdf_tr.java","LEDGER",517,"String sqlCH_NO = ' SELECT VOU,TRDATE,ACCODE,CREDIT,CH_NO,DRAFT FROM FAS.LEDGER ' +"
"bill_pdf_trAM.java","LEDGER",516,"String sqlCH_NO = ' SELECT VOU,TRDATE,ACCODE,CREDIT,CH_NO,DRAFT FROM FAS.LEDGER ' +"
"bill_pdf_trAM.java","LEDGER",569," FROM FAS.LEDGER LD ' +"
"bill_pdf_trAM.java","LEDGER",576," AND FILENO = ( SELECT FILENO FROM FAS.LEDGER WHERE BILLNO = ? AND TRNTYPE = 'BP' AND DEBIT <> 0 ) ' +"
"bill_pdf_uf.java","LEDGER",552,"String sqlCH_NO = ' SELECT VOU,TRDATE,ACCODE,CREDIT,CH_NO,DRAFT FROM FAS.LEDGER ' +"
"bill_pdf_VP.java","LEDGER",339," FROM FAS.LEDGER ' +"
"bill_pdf_VP.java","LEDGER",344," FROM FAS.LEDGER ' +"
"bill_pdf_VP.java","LEDGER",3261,"StrSql=' SELECT VOU,TRDATE,ACCODE,CREDIT,CH_NO,DRAFT FROM LEDGER WHERE billno=''+billno+'' AND credit!=0 AND TRNTYPE='BP' ORDER BY CREDIT DESC ';"
"bill_pdf_WP.java","LEDGER",1071,"String sqlCH_NO = ' SELECT VOU,TRDATE,ACCODE,CREDIT,CH_NO,DRAFT FROM FAS.LEDGER ' +"
"Bill_TR_NJP_Preview_ENROLL.java","LEDGER",1502,"stmt = ' SELECT sum(CREDIT) FROM LEDGER WHERE TRDATE BETWEEN TO_DATE( ? ,'YYYY/MM/DD') AND TO_DATE( ? ,'YYYY/MM/DD')';"
"Bill_TR_NJP_Preview.java","LEDGER",1643,"stmt = ' SELECT sum(CREDIT) FROM LEDGER WHERE TRDATE BETWEEN TO_DATE( ? ,'YYYY/MM/DD') AND TO_DATE( ? ,'YYYY/MM/DD')';"
"bill_uf_audit.java","LEDGER",1084,"StrSql=' SELECT VOU,TRDATE,ACCODE,CREDIT,CH_NO,DRAFT FROM LEDGER ' +"
"bill_UF_NJP_preview_pro.java","LEDGER",954,"FROM FAS.LEDGER ' +"
"bill_UF_NJP_preview.java","LEDGER",992,"FROM FAS.LEDGER ' +"
"bill_UF_NJP_print.java","LEDGER",1325,"StrSql=' SELECT VOU,TRDATE,ACCODE,CREDIT,CH_NO,DRAFT FROM LEDGER ' +"
"bill_UF_NJP_print.java","LEDGER",1738,"StrSql=' SELECT VOU,TRDATE,ACCODE,CREDIT,CH_NO,DRAFT FROM LEDGER ' +"
"bill_UF_NJP_save_pro.java","LEDGER",1686,"SQLstmt = ' INSERT INTO LEDGER (firmcode,vou,trdate,accode,debit,credit,partycode,ch_no,draft,desc1,';"
"bill_UF_NJP_save_pro.java","LEDGER",1707,"SQLstmt = ' INSERT INTO LEDGER (firmcode,vou,trdate,accode,debit,credit,partycode,ch_no,draft,desc1,tdstype,';"
"bill_UF_NJP_save_pro.java","LEDGER",1782,"SQLstmt = ' INSERT INTO LEDGER (firmcode,vou,trdate,accode,debit,credit,partycode,ch_no,draft,desc1,tdstype,';"
"bill_UF_NJP_save_pro.java","LEDGER",1806,"SQLstmt = ' INSERT INTO LEDGER (firmcode,vou,trdate,accode,debit,credit,partycode,ch_no,draft,desc1,tdstype,';"
"bill_UF_NJP_save_pro.java","LEDGER",1862,"SQLstmt = ' INSERT INTO LEDGER (firmcode,vou,trdate,accode,debit,credit,partycode,ch_no,draft,desc1,tdstype,';"
"bill_UF_NJP_save_pro.java","LEDGER",1877,"SQLstmt = ' INSERT INTO LEDGER (firmcode,vou,trdate,accode,debit,credit,partycode,ch_no,draft,desc1,tdstype,';"
"bill_UF_NJP_save_pro.java","LEDGER",1936,"SQLstmt = ' INSERT INTO LEDGER (firmcode,vou,trdate,accode,debit,credit,partycode,ch_no,draft,desc1,tdstype,';"
"bill_UF_NJP_save_pro.java","LEDGER",1952,"SQLstmt = ' INSERT INTO LEDGER (firmcode,vou,trdate,accode,debit,credit,partycode,ch_no,draft,desc1,tdstype,';"
"bill_UF_NJP_save_pro.java","LEDGER",2009,"SQLstmt = ' INSERT INTO LEDGER (firmcode,vou,trdate,accode,debit,credit,partycode,ch_no,draft,desc1,tdstype,';"
"bill_UF_NJP_save_pro.java","LEDGER",2024,"SQLstmt = ' INSERT INTO LEDGER (firmcode,vou,trdate,accode,debit,credit,partycode,ch_no,draft,desc1,tdstype,';"
"bill_UF_NJP_save_pro.java","LEDGER",2082,"SQLstmt = ' INSERT INTO LEDGER (firmcode,vou,trdate,accode,debit,credit,partycode,ch_no,draft,desc1,tdstype,';"
"bill_UF_NJP_save_pro.java","LEDGER",2101,"SQLstmt = ' INSERT INTO LEDGER (firmcode,vou,trdate,accode,debit,credit,partycode,ch_no,draft,desc1,tdstype,';"
"bill_UF_NJP_save_pro.java","LEDGER",2159,"SQLstmt = ' INSERT INTO LEDGER (firmcode,vou,trdate,accode,debit,credit,partycode,ch_no,draft,desc1,tdstype,';"
"bill_UF_NJP_save_pro.java","LEDGER",2174,"SQLstmt = ' INSERT INTO LEDGER (firmcode,vou,trdate,accode,debit,credit,partycode,ch_no,draft,desc1,tdstype,';"
"bill_UF_NJP_save_pro.java","LEDGER",2231,"SQLstmt = ' INSERT INTO LEDGER (firmcode,vou,trdate,accode,debit,credit,partycode,ch_no,draft,desc1,tdstype,';"
"bill_UF_NJP_save_pro.java","LEDGER",2248,"SQLstmt = ' INSERT INTO LEDGER (firmcode,vou,trdate,accode,debit,credit,partycode,ch_no,draft,desc1,tdstype,';"
"bill_UF_NJP_save.java","LEDGER",1234,"stmt = ' SELECT count(*) FROM FAS.LEDGER WHERE LPAD(CH_NO,10,'0')=LPAD(?,10,'0') and PARTYCODE=''+bankcode+'' ';"
"Brok_ledService_new.java","LEDGER",228," FROM FAS.LEDGER ' +"
"Brok_ledService_new.java","LEDGER",259," FROM FAS.LEDGER ' +"
"Brok_ledService_new.java","LEDGER",288," FROM FAS.LEDGER FL ' +"
"Brok_ledService.java","LEDGER",123,"qr='insert into REQ_MST(REQ_ID,RPT_NAME,PARTNER_ID,STATUS,REQ_DATE)values(:reqid,'Brokerage Ledger Report',:brcode,'pending',sysdate)';"
"Brok_ledService.java","LEDGER",297," FROM FAS.LEDGER ' +"
"Brok_ledService.java","LEDGER",329," FROM FAS.LEDGER ' +"
"Brok_ledService.java","LEDGER",358," FROM FAS.LEDGER FL ' +"
"BrokCheqJVReportDataManager.java","LEDGER",40,"+ ' INNER JOIN fas.LEDGER L ON (det.vou = L.vou AND L.TDSTYPE != 'T' AND l.debit != 0) '"
"BrokCheqJVReportDataManager.java","LEDGER",41,"+ ' left JOIN fas.LEDGER L1 ON (DET.VOU_TDS = L1.VOU AND l1.debit != 0 AND L1.TDSTYPE = 'T') '"
"BrokCheqJVReportDataManager.java","LEDGER",106,"+ ' INNER JOIN fas.LEDGER L ON (det.vou = L.vou AND L.TDSTYPE != 'T' AND l.debit != 0) '"
"BrokCheqJVReportDataManager.java","LEDGER",107,"+ ' LEFT JOIN fas.LEDGER L1 ON (DET.VOU_TDS = L1.VOU AND l1.debit != 0 AND L1.TDSTYPE = 'T') '"
"BrokChequeEntryDataManager.java","LEDGER",173,"String fasSelect = 'SELECT DEBIT FROM FAS.LEDGER L inner join MFUND.PRODUCT_MST'+cf.get_Db_link(req, 'oracle', 'mfund')+' Mf ON (L.PRODTYPE = Mf.PRODTYPE) WHERE ' +"
"BrokChequeEntryDataManager.java","LEDGER",197,"String fasSelect = 'SELECT DEBIT FROM FAS.LEDGER L inner join MFUND.PRODUCT_MST'+cf.get_Db_link(req, 'oracle', 'mfund')+' Mf ON (L.PRODTYPE = Mf.PRODTYPE) WHERE ' +"
"BrokChequeEntryDataManager.java","LEDGER",370,"+ ' INNER JOIN fas.LEDGER L ON (det.vou = L.vou AND L.TDSTYPE != 'T' AND l.debit != 0) '"
"BrokChequeEntryDataManager.java","LEDGER",371,"+ ' LEFT JOIN fas.LEDGER L1 ON (DET.VOU_TDS = L1.VOU AND l1.debit != 0 AND L1.TDSTYPE = 'T') '"
"BrokChequeEntryService.java","LEDGER",795,"Ledger ledger = new Ledger();"
"BrokChequeEntryService.java","LEDGER",814,"Ledger ledger = new Ledger();"
"BrokCheqUnAuthoDataManager.java","LEDGER",200,"+ ' FROM FAS.LEDGER LD '"
"BrokCheqUnAuthoDataManager.java","LEDGER",324,"+ 'FROM FAS.LEDGER LD '"
"BrokChqAuthorizationDataManager.java","LEDGER",222,"+ 'FROM FAS.LEDGER LD '"
"BrokChqAuthorizationService.java","LEDGER",445,"Ledger ledger = new Ledger();"
"BrokChqAuthorizationService.java","LEDGER",472,"Ledger ledger1 = new Ledger();"
"BrokChqAuthorizationService.java","LEDGER",489,"Ledger ledger = new Ledger();"
"BrokChqAuthorizationService.java","LEDGER",523,"Ledger ledger = new Ledger();"
"BrokChqAuthorizationService.java","LEDGER",579,"Ledger ledger1 = new Ledger();"
"BrokChqAuthorizationService.java","LEDGER",601,"Ledger ledger = new Ledger();"
"BrokChqAuthorizationService.java","LEDGER",634,"Ledger ledger = new Ledger();"
"BrokChqAuthorizationService.java","LEDGER",661,"Ledger ledger = new Ledger();"
"BrokChqAuthorizationService.java","LEDGER",722,"Ledger ledger = new Ledger();"
"BrokChqAuthorizationService.java","LEDGER",751,"Ledger ledger = new Ledger();"
"brokchqauthorized_JV.java","LEDGER",694,"stmt1 += ' FROM FAS.LEDGER LD ';"
"brokchqauthorized_JV.java","LEDGER",1018,"stmt1 += ' TO_CHAR(LD.FROMDATE,'dd/mm/yyyy') FROMDATE,TO_CHAR(LD.TODATE,'dd/mm/yyyy') TODATE FROM FAS.LEDGER LD ';"
"brokchqauthorized_JV.java","LEDGER",1911,"INNER JOIN FAS.LEDGER LD ON (LD.VOU=LV.VOU) '+"
"brokchqauthorized_JV.java","LEDGER",1926,"stmt1 = 'UPDATE FAS.LEDGER SET CH_NO = ? WHERE VOU = ? ';"
"brokchqauthorized_JV.java","LEDGER",2111,"stmt1 = ' DELETE FROM FAS.LEDGER WHERE VOU='' + rad2 + '' ';"
"brokchqauthorized_JV.java","LEDGER",2164,"stmt1 = ' DELETE FROM FAS.LEDGER WHERE VOU='' + rad1 + '' ';"
"brokchqreceipt_save.java","LEDGER",870,"str2 = ' update fas.ledger set debit=' + rs2.getDouble('AMT') + ',DESC1 = ? where vou = '' + rs2.getString('VOU') + '' and PARTYCODE='' + rs2.getString('INC_HEAD') + ''';"
"brokchqreceipt_save.java","LEDGER",876,"str2 = ' update fas.ledger set credit=' + rs2.getDouble('AMT') + ',DESC1 = ? where vou = '' + rs2.getString('VOU') + '' and ACCODE='' + rs2.getString('INC_HEAD') + ''';"
"brokchqreceipt_save.java","LEDGER",1009,"str2 = ' update fas.ledger set debit=' + Float.parseFloat((String) tds_list.get(cnt)) + ',DESC1 = ?,TDS='+ Float.parseFloat((String) tds_list.get(cnt))+' where vou = '' + rs2.getString('VOU') + '' and PARTYCODE='' + rs3.getString('INC_HEAD') + '' ';"
"brokchqreceipt_save.java","LEDGER",1016,"str2 = ' update fas.ledger set credit=' + Float.parseFloat((String) tds_list.get(cnt)) + ',DESC1 = ?,TDS=' + Float.parseFloat((String) tds_list.get(cnt)) +' where vou = '' + rs2.getString('VOU') + '' and ACCODE='' + rs3.getString('INC_HEAD') + '' ';"
"brokchqreport_JV.java","LEDGER",377,"sqlstmt4.append(' FROM BROK_CHQ_TRN BN,FAS.LEDGER L');"
"brokchqreport_JV.java","LEDGER",1196,"iner_query.append(' inner join fas.LEDGER l ' +"
"brokchqreport_JV.java","LEDGER",1202,"iner_query.append(' left join fas.LEDGER l1 on (lv1.vou = l1.vou )');"
"Enet_file_cancel.java","LEDGER",354,"String sqllog11='SELECT VOU FROM FAS.LEDGER WHERE FILENO=? AND DEBIT <> 0 ';"
"Enet_file_cancel.java","LEDGER",361,"sqlUpdate1 = ' UPDATE FAS.LEDGER SET FILENO='',MARK='N' WHERE FILENO = ? ';"
"enetfilecancelModel.java","LEDGER",124," FROM LEDGER ' +"
"enetfilecancelModel.java","LEDGER",155," FROM LEDGER ' +"
"enetfilecancelModel.java","LEDGER",187," FROM LEDGER ' +"
"enetfilecancelModel.java","LEDGER",263,"sqllog11 = 'SELECT VOU FROM LEDGER WHERE FILENO = :fileno AND DEBIT <> 0 ';"
"enetfilecancelModel.java","LEDGER",265,"sqlUpdate1 = ' UPDATE LEDGER SET FILENO=NULL,MARK='N' WHERE FILENO = :fileno ';"
"fas_in_mfund.sql","LEDGER",9850,"-- SELECT count(*) INTO i_count FROM FAS.LEDGER WHERE CH_NO=trim(to_char(i_DDno)) and PARTYCODE=v_bankcode ;"
"fas_in_mfund.sql","LEDGER",23991,"INSERT INTO FAS.LEDGER (FIRMCODE,VOU,TRDATE,ACCODE,DEBIT,CREDIT,PARTYCODE,CH_NO,DRAFT,DESC1,GRPCODE,"
"fas_in_mfund.sql","LEDGER",23999,"INSERT INTO FAS.LEDGER ( FIRMCODE,VOU,TRDATE,ACCODE,DEBIT,CREDIT,PARTYCODE,CH_NO,DRAFT,DESC1,GRPCODE,"
"fas_in_mfund.sql","LEDGER",24074,"FROM FAS.LEDGER WHERE BILLNO=:1"
"fas_in_mfund.sql","LEDGER",24090,"INSERT INTO FAS.LEDGER (FIRMCODE,VOU,TRDATE,ACCODE,DEBIT,CREDIT,PARTYCODE,CH_NO,DRAFT,DESC1,GRPCODE,"
"fas_in_mfund.sql","LEDGER",24098,"INSERT INTO FAS.LEDGER ( FIRMCODE,VOU,TRDATE,ACCODE,DEBIT,CREDIT,PARTYCODE,CH_NO,DRAFT,DESC1,GRPCODE,"
"fas_in_mfund.sql","LEDGER",24175,"FROM FAS.LEDGER WHERE BILLNO=:1"
"fas_in_mfund.sql","LEDGER",24191,"INSERT INTO FAS.LEDGER ( FIRMCODE,VOU,TRDATE,ACCODE,DEBIT,CREDIT,PARTYCODE,CH_NO,DRAFT,DESC1,GRPCODE,"
"fas_in_mfund.sql","LEDGER",24199,"INSERT INTO FAS.LEDGER ( FIRMCODE,VOU,TRDATE,ACCODE,DEBIT,CREDIT,PARTYCODE,CH_NO,DRAFT,DESC1,GRPCODE,"
"fas_in_mfund.sql","LEDGER",24278,"FROM FAS.LEDGER WHERE BILLNO=:1"
"fas_in_mfund.sql","LEDGER",24296,"INSERT INTO FAS.LEDGER ( FIRMCODE,VOU,TRDATE,ACCODE,DEBIT,CREDIT,PARTYCODE,CH_NO,DRAFT,DESC1,GRPCODE,"
"fas_in_mfund.sql","LEDGER",24304,"INSERT INTO FAS.LEDGER ( FIRMCODE,VOU,TRDATE,ACCODE,DEBIT,CREDIT,PARTYCODE,CH_NO,DRAFT,DESC1,GRPCODE,"
"fas_in_mfund.sql","LEDGER",24331,"INSERT INTO FAS.LEDGER ( FIRMCODE,VOU,TRDATE,ACCODE,DEBIT,CREDIT,PARTYCODE,CH_NO,DRAFT,DESC1,GRPCODE,"
"fas_in_mfund.sql","LEDGER",24339,"INSERT INTO FAS.LEDGER ( FIRMCODE,VOU,TRDATE,ACCODE,DEBIT,CREDIT,PARTYCODE,CH_NO,DRAFT,DESC1,GRPCODE,"
"fas_in_mfund.sql","LEDGER",24367,"INSERT INTO FAS.LEDGER ( FIRMCODE,VOU,TRDATE,ACCODE,DEBIT,CREDIT,PARTYCODE,CH_NO,DRAFT,DESC1,GRPCODE,"
"fas_in_mfund.sql","LEDGER",24375,"INSERT INTO FAS.LEDGER ( FIRMCODE,VOU,TRDATE,ACCODE,DEBIT,CREDIT,PARTYCODE,CH_NO,DRAFT,DESC1,GRPCODE,"
"fas_in_mfund.sql","LEDGER",24404,"INSERT INTO FAS.LEDGER ( FIRMCODE,VOU,TRDATE,ACCODE,DEBIT,CREDIT,PARTYCODE,CH_NO,DRAFT,DESC1,GRPCODE,"
"fas_in_mfund.sql","LEDGER",24412,"INSERT INTO FAS.LEDGER ( FIRMCODE,VOU,TRDATE,ACCODE,DEBIT,CREDIT,PARTYCODE,CH_NO,DRAFT,DESC1,GRPCODE,"
"fas_in_mfund.sql","LEDGER",24440,"INSERT INTO FAS.LEDGER ( FIRMCODE,VOU,TRDATE,ACCODE,DEBIT,CREDIT,PARTYCODE,CH_NO,DRAFT,DESC1,GRPCODE,"
"fas_in_mfund.sql","LEDGER",24448,"INSERT INTO FAS.LEDGER ( FIRMCODE,VOU,TRDATE,ACCODE,DEBIT,CREDIT,PARTYCODE,CH_NO,DRAFT,DESC1,GRPCODE,"
"fas_in_mfund.sql","LEDGER",25292,"EXECUTE IMMEDIATE ' SELECT NVL(SUM(DEBIT),0) FROM FAS.LEDGER WHERE BILLNO=:1 AND TRNTYPE =''BP'' '"
"fas_in_mfund.sql","LEDGER",25296,"EXECUTE IMMEDIATE ' SELECT NVL(SUM(DEBIT),0) FROM FAS.LEDGER WHERE BILLNO=:1 AND TRNTYPE !=''BP'' AND TRDATE =:2 AND TRNTYPE=''JV'' '"
"fas_in_mfund.sql","LEDGER",25300,"EXECUTE IMMEDIATE ' SELECT NVL(SUM(DEBIT),0) FROM FAS.LEDGER WHERE BILLNO=:1 AND TRNTYPE !=''BP'' AND TRDATE !=:2 AND TRNTYPE=''JV'' '"
"fas_in_mfund.sql","LEDGER",28123,"EXECUTE IMMEDIATE 'SELECT FIRMCODE,FROMDATE,TODATE,MFTYPE,TRDATE,DESC1,GACCODE,CH_NO FROM FAS.LEDGER WHERE BILLNO=:1 AND TRNTYPE=''BP'' AND ROWNUM=1'"
"fas_in_mfund.sql","LEDGER",28129,"EXECUTE IMMEDIATE 'SELECT FIRMCODE,FROMDATE,TODATE,MFTYPE,TRDATE,DESC1,GACCODE,CH_NO FROM FAS.LEDGER WHERE BILLNO=:1 AND JVTYPE=''P'' AND ROWNUM=1'"
"fas_in_mfund.sql","LEDGER",28195,"EXECUTE IMMEDIATE ' SELECT NVL(SUM(DEBIT),0) FROM FAS.LEDGER WHERE BILLNO=:1 AND TRNTYPE !=''BP'' AND TRDATE =:2 AND TRNTYPE=''JV'' '"
"fas_in_mfund.sql","LEDGER",28202,"EXECUTE IMMEDIATE ' SELECT NVL(SUM(DEBIT),0) FROM FAS.LEDGER WHERE BILLNO=:1 AND TRNTYPE =''BP'' '"
"fas_in_mfund.sql","LEDGER",28215,"INSERT INTO FAS.LEDGER ( FIRMCODE,VOU,TRDATE,ACCODE,DEBIT,CREDIT,PARTYCODE,CH_NO,DRAFT,DESC1,GRPCODE,"
"fas_in_mfund.sql","LEDGER",28223,"INSERT INTO FAS.LEDGER ( FIRMCODE,VOU,TRDATE,ACCODE,DEBIT,CREDIT,PARTYCODE,CH_NO,DRAFT,DESC1,GRPCODE,"
"fas_in_mfund.sql","LEDGER",28258,"EXECUTE IMMEDIATE ' SELECT NVL(SUM(DEBIT),0) FROM FAS.LEDGER WHERE BILLNO=:1 AND TRNTYPE=''JV'' AND PARTYCODE=''R0145'' '"
"fas_in_mfund.sql","LEDGER",28271,"INSERT INTO FAS.LEDGER (FIRMCODE,VOU,TRDATE,ACCODE,DEBIT,CREDIT,PARTYCODE,CH_NO,DRAFT,DESC1,GRPCODE,"
"fas_in_mfund.sql","LEDGER",28279,"INSERT INTO FAS.LEDGER ( FIRMCODE,VOU,TRDATE,ACCODE,DEBIT,CREDIT,PARTYCODE,CH_NO,DRAFT,DESC1,GRPCODE,"
"fas_in_mfund.sql","LEDGER",28319,"INSERT INTO FAS.LEDGER ( FIRMCODE,VOU,TRDATE,ACCODE,DEBIT,CREDIT,PARTYCODE,CH_NO,DRAFT,DESC1,GRPCODE,"
"fas_in_mfund.sql","LEDGER",28327,"INSERT INTO FAS.LEDGER ( FIRMCODE,VOU,TRDATE,ACCODE,DEBIT,CREDIT,PARTYCODE,CH_NO,DRAFT,DESC1,GRPCODE,"
"fas_in_mfund.sql","LEDGER",28369,"INSERT INTO FAS.LEDGER ( FIRMCODE,VOU,TRDATE,ACCODE,DEBIT,CREDIT,PARTYCODE,CH_NO,DRAFT,DESC1,GRPCODE,"
"fas_in_mfund.sql","LEDGER",28379,"INSERT INTO FAS.LEDGER ( FIRMCODE,VOU,TRDATE,ACCODE,DEBIT,CREDIT,PARTYCODE,CH_NO,DRAFT,DESC1,GRPCODE,"
"fas_in_mfund.sql","LEDGER",28423,"INSERT INTO FAS.LEDGER ( FIRMCODE,VOU,TRDATE,ACCODE,DEBIT,CREDIT,PARTYCODE,CH_NO,DRAFT,DESC1,GRPCODE,"
"fas_in_mfund.sql","LEDGER",28431,"INSERT INTO FAS.LEDGER ( FIRMCODE,VOU,TRDATE,ACCODE,DEBIT,CREDIT,PARTYCODE,CH_NO,DRAFT,DESC1,GRPCODE,"
"fas_in_mfund.sql","LEDGER",28454,"EXECUTE IMMEDIATE ' SELECT NVL(SUM(DEBIT),0) FROM FAS.LEDGER WHERE BILLNO=:1 AND TRNTYPE=''JV'' AND PARTYCODE=''L0029'' '"
"fas_in_mfund.sql","LEDGER",28467,"INSERT INTO FAS.LEDGER ( FIRMCODE,VOU,TRDATE,ACCODE,DEBIT,CREDIT,PARTYCODE,CH_NO,DRAFT,DESC1,GRPCODE,"
"fas_in_mfund.sql","LEDGER",28475,"INSERT INTO FAS.LEDGER ( FIRMCODE,VOU,TRDATE,ACCODE,DEBIT,CREDIT,PARTYCODE,CH_NO,DRAFT,DESC1,GRPCODE,"
"fas_in_mfund.sql","LEDGER",28506,"EXECUTE IMMEDIATE ' SELECT NVL(SUM(DEBIT),0) FROM FAS.LEDGER WHERE BILLNO=:1 AND TRNTYPE=''JV'' AND PARTYCODE=''M0044'' '"
"fas_in_mfund.sql","LEDGER",28521,"INSERT INTO FAS.LEDGER ( FIRMCODE,VOU,TRDATE,ACCODE,DEBIT,CREDIT,PARTYCODE,CH_NO,DRAFT,DESC1,GRPCODE,"
"fas_in_mfund.sql","LEDGER",28529,"INSERT INTO FAS.LEDGER ( FIRMCODE,VOU,TRDATE,ACCODE,DEBIT,CREDIT,PARTYCODE,CH_NO,DRAFT,DESC1,GRPCODE,"
"fas_in_mfund.sql","LEDGER",28968,"Str := 'SELECT NVL(SUM(NVL(CREDIT,0)),0) FROM FAS.LEDGER WHERE BILLNO=:1 AND TRNTYPE=''JV''"
"fas_in_mfund.sql","LEDGER",28976,"Str := 'SELECT NVL(SUM(NVL(CREDIT,0)),0) FROM FAS.LEDGER WHERE BILLNO=:1 AND ACCODE=''L0029'' ';"
"fas_in_mfund.sql","LEDGER",28982,"Str := 'SELECT NVL(SUM(NVL(CREDIT,0)),0) FROM FAS.LEDGER WHERE BILLNO=:1 AND ACCODE=''R0145'' ';"
"fas_in_mfund.sql","LEDGER",28986,"Str := 'SELECT NVL(SUM(NVL(CREDIT,0)),0) FROM FAS.LEDGER WHERE BILLNO=:1 AND ACCODE=''R0278'' ';"
"fas_in_mfund.sql","LEDGER",28994,"Str := 'SELECT NVL(SUM(NVL(CREDIT,0)),0) FROM FAS.LEDGER WHERE BILLNO=:1 AND ACCODE IN (''T0262'',''S1020'') ';"
"fas_in_mfund.sql","LEDGER",28999,"Str := 'SELECT NVL(SUM(NVL(CREDIT,0)),0) FROM FAS.LEDGER WHERE BILLNO=:1 AND ACCODE=''M0044'' ';"
"fas_in_mfund.sql","LEDGER",29007,"Str := 'SELECT NVL(SUM(NVL(CREDIT,0)),0) FROM FAS.LEDGER WHERE BILLNO = :1 AND ACCODE=''O0061'' ';"
"fas_in_mfund.sql","LEDGER",29013,"Str := 'SELECT NVL(SUM(NVL(CREDIT,0)),0) FROM FAS.LEDGER WHERE BILLNO = :1 AND ACCODE=''C0218'' ';"
"fas_in_mfund.sql","LEDGER",29018,"Str := 'SELECT NVL(SUM(NVL(CREDIT,0)),0) FROM FAS.LEDGER WHERE BILLNO = :1 AND TRNTYPE=''JV''"
"fas_in_mfund.sql","LEDGER",29027,"Str := 'SELECT NVL(SUM(NVL(CREDIT,0)),0) FROM FAS.LEDGER WHERE BILLNO = :1 AND TRNTYPE=''JV''"
"fas_in_mfund.sql","LEDGER",29034,"Str := 'SELECT NVL(SUM(NVL(CREDIT,0)),0) FROM FAS.LEDGER WHERE BILLNO = :1 AND TRNTYPE=''BP'' ' ;"
"fas_in_mfund.sql","LEDGER",105268,"str1:='SELECT COUNT(*) FROM FAS.LEDGER WHERE TRDATE BETWEEN :2 AND :3 AND BRCODE = :1 AND TRNTYPE=''BP'' AND PRODTYPE=''MF'' ' ;"
"fas_in_mfund.sql","LEDGER",129714,"|| ' SELECT BILLNO FROM FAS.LEDGER WHERE TRNTYPE=''BP'' '"
"fas_in_mfund.sql","LEDGER",129821,"EXECUTE IMMEDIATE ' SELECT NVL(SUM(DEBIT),0) FROM FAS.LEDGER WHERE BILLNO=:1 AND TRNTYPE=''BP'' '"
"fas_in_mfund.sql","LEDGER",129825,"EXECUTE IMMEDIATE ' SELECT NVL(SUM(DEBIT),0) FROM FAS.LEDGER WHERE BILLNO=:1 AND JVTYPE!=''P'' AND TRNTYPE!=''BP'' '"
"function_billproc.java","LEDGER",3866,"SQLstmt = ' INSERT INTO LEDGER (firmcode,vou,trdate,accode,debit,credit,partycode,ch_no,draft,desc1,'+"
"function_billproc.java","LEDGER",3885,"SQLstmt = ' INSERT INTO LEDGER (firmcode,vou,trdate,accode,debit,credit,partycode,ch_no,draft,desc1,tdstype,'+"
"function_billproc.java","LEDGER",3997,"SQLstmt = ' INSERT INTO LEDGER (firmcode,vou,trdate,accode,debit,credit,partycode,ch_no,draft,desc1,tdstype,'+"
"function_billproc.java","LEDGER",4016,"SQLstmt = ' INSERT INTO LEDGER (firmcode,vou,trdate,accode,debit,credit,partycode,ch_no,draft,desc1,tdstype,'+"
"function_billproc.java","LEDGER",4047,"SQLstmt = ' INSERT INTO LEDGER (firmcode,vou,trdate,accode,debit,credit,partycode,ch_no,draft,desc1,tdstype,'+"
"function_billproc.java","LEDGER",4065,"SQLstmt = ' INSERT INTO LEDGER (firmcode,vou,trdate,accode,debit,credit,partycode,ch_no,draft,desc1,tdstype,'+"
"function_billproc.java","LEDGER",4124,"Sql_chq_charge_jv = ' INSERT INTO FAS.LEDGER (firmcode,vou,trdate,accode,debit,credit,partycode,ch_no,draft,desc1,tdstype,' +"
"function_billproc.java","LEDGER",4139,"Sql_chq_charge_jv = ' INSERT INTO FAS.LEDGER (firmcode,vou,trdate,accode,debit,credit,partycode,ch_no,draft,desc1,tdstype,' +"
"function_billproc.java","LEDGER",4267,"SQLstmt = ' INSERT INTO LEDGER (firmcode,vou,trdate,accode,debit,credit,partycode,ch_no,draft,desc1,';"
"function_billproc.java","LEDGER",4283,"SQLstmt = ' INSERT INTO LEDGER (firmcode,vou,trdate,accode,debit,credit,partycode,ch_no,draft,desc1,tdstype,';"
"function_billproc.java","LEDGER",4384,"SQLstmt = ' INSERT INTO LEDGER (firmcode,vou,trdate,accode,debit,credit,partycode,ch_no,draft,desc1,tdstype,';"
"function_billproc.java","LEDGER",4406,"SQLstmt = ' INSERT INTO LEDGER (firmcode,vou,trdate,accode,debit,credit,partycode,ch_no,draft,desc1,tdstype,';"
"function_billproc.java","LEDGER",4463,"SQLstmt = ' INSERT INTO LEDGER (firmcode,vou,trdate,accode,debit,credit,partycode,ch_no,draft,desc1,tdstype,';"
"function_billproc.java","LEDGER",4476,"SQLstmt = ' INSERT INTO LEDGER (firmcode,vou,trdate,accode,debit,credit,partycode,ch_no,draft,desc1,tdstype,';"
"function_billproc.java","LEDGER",4537,"SQLstmt = ' INSERT INTO LEDGER (firmcode,vou,trdate,accode,debit,credit,partycode,ch_no,draft,desc1,tdstype,';"
"function_billproc.java","LEDGER",4550,"SQLstmt = ' INSERT INTO LEDGER (firmcode,vou,trdate,accode,debit,credit,partycode,ch_no,draft,desc1,tdstype,';"
"function_billproc.java","LEDGER",4605,"SQLstmt = ' INSERT INTO LEDGER (firmcode,vou,trdate,accode,debit,credit,partycode,ch_no,draft,desc1,tdstype,';"
"function_billproc.java","LEDGER",4617,"SQLstmt = ' INSERT INTO LEDGER (firmcode,vou,trdate,accode,debit,credit,partycode,ch_no,draft,desc1,tdstype,';"
"function_billproc.java","LEDGER",4673,"SQLstmt = ' INSERT INTO LEDGER (firmcode,vou,trdate,accode,debit,credit,partycode,ch_no,draft,desc1,tdstype,';"
"function_billproc.java","LEDGER",4689,"SQLstmt = ' INSERT INTO LEDGER (firmcode,vou,trdate,accode,debit,credit,partycode,ch_no,draft,desc1,tdstype,';"
"function_billproc.java","LEDGER",4747,"SQLstmt = ' INSERT INTO LEDGER (firmcode,vou,trdate,accode,debit,credit,partycode,ch_no,draft,desc1,tdstype,';"
"function_billproc.java","LEDGER",4759,"SQLstmt = ' INSERT INTO LEDGER (firmcode,vou,trdate,accode,debit,credit,partycode,ch_no,draft,desc1,tdstype,';"
"function_billproc.java","LEDGER",4814,"SQLstmt = ' INSERT INTO LEDGER (firmcode,vou,trdate,accode,debit,credit,partycode,ch_no,draft,desc1,tdstype,';"
"function_billproc.java","LEDGER",4829,"SQLstmt = ' INSERT INTO LEDGER (firmcode,vou,trdate,accode,debit,credit,partycode,ch_no,draft,desc1,tdstype,';"
"function_billproc.java","LEDGER",8625,"stmt = ' SELECT COUNT(*) FROM FAS.LEDGER WHERE TRNTYPE='BP' AND PRODTYPE='MF' AND BRCODE =? AND TRDATE BETWEEN ? AND ? ';"
"function_billproc.java","LEDGER",9171,"SQLstmt = 'SELECT MAX(TO_NUMBER(SUBSTR(VOU,4,7))) FROM LEDGER WHERE SUBSTR(VOU,1,3)=''+vouStart+''';"
"function_billproc.java","LEDGER",9193,"SQLstmt = ' SELECT COUNT(*) FROM LEDGER WHERE VOU ='' + vou1 + ''';"
"function_billproc.java","LEDGER",11554," FROM FAS.LEDGER LD ' +"
"function_billproc.java","LEDGER",11692," FROM FAS.LEDGER LD ' +"
"function_billproc.java","LEDGER",11702," FILENO = ( SELECT FILENO FROM FAS.LEDGER WHERE BILLNO = ? AND TRNTYPE = 'BP' AND DEBIT <> 0 ) ' +"
"function_billproc.java","LEDGER",11712," CH_NO =( SELECT CH_NO FROM FAS.LEDGER WHERE BILLNO = ? AND TRNTYPE = 'JV' AND DEBIT <> 0 AND CH_NO IS NOT NULL AND PARTYCODE = 'C0218') ' +"
"function_billproc.java","LEDGER",11714," TRDATE =( SELECT TRDATE FROM FAS.LEDGER WHERE BILLNO = ? AND TRNTYPE = 'JV' AND DEBIT <> 0 AND CH_NO IS NOT NULL AND PARTYCODE = 'C0218')' +"
"function_billproc.java","LEDGER",11726," FROM FAS.LEDGER LD ' +"
"function_billproc.java","LEDGER",11734," ( LD.TRDATE = ( SELECT TRDATE FROM FAS.LEDGER WHERE BILLNO = ? AND TRNTYPE = 'JV' AND DEBIT <> 0 AND PARTYCODE = 'C0218') ' +"
"function_billproc.java","LEDGER",11741," ( LD.TRDATE = ( SELECT TRDATE FROM FAS.LEDGER WHERE BILLNO = ? AND TRNTYPE = 'BP' AND DEBIT <> 0 ) ' +"
"function_billproc.java","LEDGER",11752," FROM FAS.LEDGER FL1 ' +"
"function_billproc.java","LEDGER",12296," FROM FAS.LEDGER LD ' +"
"function_billproc.java","LEDGER",12306," FILENO = ( SELECT FILENO FROM FAS.LEDGER WHERE BILLNO = ? AND TRNTYPE = 'BP' AND DEBIT <> 0 ) ' +"
"function_billproc.java","LEDGER",12316," CH_NO =( SELECT CH_NO FROM FAS.LEDGER WHERE BILLNO = ? AND TRNTYPE = 'JV' AND DEBIT <> 0 AND CH_NO IS NOT NULL AND PARTYCODE = 'C0218') ' +"
"function_billproc.java","LEDGER",12318," TRDATE =( SELECT TRDATE FROM FAS.LEDGER WHERE BILLNO = ? AND TRNTYPE = 'JV' AND DEBIT <> 0 AND CH_NO IS NOT NULL AND PARTYCODE = 'C0218')' +"
"function_billproc.java","LEDGER",12330," FROM FAS.LEDGER LD ' +"
"function_billproc.java","LEDGER",12338," ( LD.TRDATE = ( SELECT TRDATE FROM FAS.LEDGER WHERE BILLNO = ? AND TRNTYPE = 'JV' AND DEBIT <> 0 AND PARTYCODE = 'C0218') ' +"
"function_billproc.java","LEDGER",12345," ( LD.TRDATE = ( SELECT TRDATE FROM FAS.LEDGER WHERE BILLNO = ? AND TRNTYPE = 'BP' AND DEBIT <> 0 ) ' +"
"function_billproc.java","LEDGER",12356," FROM FAS.LEDGER FL1 ' +"
"function_billproc.java","LEDGER",12710," FROM FAS.LEDGER LD ' +"
"function_billproc.java","LEDGER",12955," FROM FAS.LEDGER LD ' +"
"function_billproc.java","LEDGER",12960," AND FILENO = ( SELECT FILENO FROM FAS.LEDGER WHERE BILLNO = ? AND TRNTYPE = 'BP' AND DEBIT <> 0 ) ' +"
"function_billproc.java","LEDGER",13303," FROM FAS.LEDGER FL1 ' +"
"function_billproc.java","LEDGER",14294," FROM FAS.LEDGER FL1 ' +"
"IncomeReport_UF_Model.java","LEDGER",655," FROM FAS.LEDGER WHERE BILLNO=:mfbillno AND CREDIT!=0 AND CH_NO IS NOT NULL ';"
"print_bill_valuepack.java","LEDGER",1259,"StrSql=' SELECT VOU,TRDATE,ACCODE,CREDIT,CH_NO,DRAFT FROM LEDGER WHERE billno=''+billno+'' AND credit!=0 AND TRNTYPE='BP' ORDER BY CREDIT DESC ';"
"print_bill_valuepack.java","LEDGER",1512," FROM FAS.LEDGER LD ' +"
"print_bill_valuepack.java","LEDGER",1519," AND FILENO = ( SELECT FILENO FROM FAS.LEDGER WHERE BILLNO = ? AND TRNTYPE = 'BP' AND DEBIT <> 0 ) ' +"
"print_RPbill.java","LEDGER",605,"String StrSql=' SELECT VOU,TRDATE,ACCODE,CREDIT,CH_NO,DRAFT FROM FAS.LEDGER WHERE billno=''+billno+'' AND credit!=0 AND TRNTYPE='BP'';"
"print_tr_AMbill.java","LEDGER",755," FROM FAS.LEDGER ' +"
"print_tr_bill.java","LEDGER",1044,"stmt = ' SELECT sum(CREDIT) FROM LEDGER WHERE TRDATE BETWEEN TO_DATE('' + facdate + '','YYYY/MM/DD') AND TO_DATE('' + tacdate +'','YYYY/MM/DD')';"
"print_trbill_njtest.java","LEDGER",935,"String StrSql=' SELECT VOU,TRDATE,ACCODE,CREDIT,CH_NO,DRAFT FROM FAS.LEDGER WHERE billno=''+billno+'' AND credit!=0 AND TRNTYPE='BP'';"
"print_trbill.java","LEDGER",1060,"String StrSql=' SELECT VOU,TRDATE,ACCODE,CREDIT,CH_NO,DRAFT FROM FAS.LEDGER WHERE billno=''+billno+'' AND credit!=0 AND TRNTYPE='BP'';"
"Report_ARN_Detail.java","LEDGER",240," LEFT JOIN FAS.LEDGER LED_4_PARTNER ON ( ' +"
"Report_ARN_Detail.java","LEDGER",246," LEFT JOIN FAS.LEDGER LED_4_AM ON ( ' +"
"Report_ARN_Detail.java","LEDGER",419," INNER JOIN FAS.LEDGER LED_4_PARTNER ON( ' +"
"Report_ARN_Detail.java","LEDGER",425," LEFT JOIN FAS.LEDGER LED_4_AM ON( ' +"
"Report_ARN_Detail.java","LEDGER",438," INNER JOIN FAS.LEDGER LED_4_PARTNER ON( ' +"
"Report_ARN_Detail.java","LEDGER",444," LEFT JOIN FAS.LEDGER LED_4_AM ON( ' +"
"Report_ARN_Detail.java","LEDGER",549," LEFT JOIN FAS.LEDGER LED_4_AM ON ( ' +"
"Report_ARN_Detail.java","LEDGER",651," INNER JOIN FAS.LEDGER LED_4_AM ON( ' +"
"Report_ARN_Detail.java","LEDGER",664," INNER JOIN FAS.LEDGER LED_4_AM ON( ' +"
"Rpt_AM_Pending.java","LEDGER",226,"stmt2 = ' SELECT COUNT(*) FROM FAS.LEDGER WHERE TRNTYPE='BP' AND PRODTYPE='MF' AND BRCODE =? AND TRDATE BETWEEN '1-APR-'+ (tdyear-1) +'' AND '31-MAR-'+ tdyear +'' ';"
"rptadvanceinctr.java","LEDGER",2496,"stmt = ' SELECT COUNT(*) FROM FAS.LEDGER WHERE TRNTYPE='BP' AND PRODTYPE='MF' AND BRCODE =? AND TRDATE BETWEEN '1-APR-'+ (tdyear-1) +'' AND '31-MAR-'+ tdyear +'' ';"
"rptPayable_vs_Paid_new.java","LEDGER",695,"SQLleg += ' FROM FAS.LEDGER ';"
"rptPayable_vs_Paid_With_Enrollment.java","LEDGER",690,"sqlJVdate = 'SELECT TO_CHAR(TRDATE,'DD/MM/YYYY') TRDATE FROM FAS.LEDGER ' +"
"rptPayable_vs_Paid_With_Enrollment.java","LEDGER",693,"FROM FAS.LEDGER ' +"
"rptPayable_vs_Paid_With_Enrollment.java","LEDGER",702,"Sqlline = 'SELECT NVL(LEDGER.FILENO,0) FILENO , LEDGER.BILLNO BILL_NO FROM FAS.LEDGER ' +"
"rptPayable_vs_Paid.java","LEDGER",435," FROM FAS.LEDGER '+"
"rptPayable_vs_Paid.java","LEDGER",551," FROM FAS.LEDGER '+"
"rptPayable_vs_Paid.java","LEDGER",715,"SQLleg = SQLleg + ' from fas.ledger ';"
"rptPayable_vs_Paid.java","LEDGER",747,"sqlJVdate = 'SELECT TO_CHAR(TRDATE,'DD-MON-YYYY') TRDATE,ch_no FROM FAS.LEDGER ' +"
"rptPayable_vs_Paid.java","LEDGER",759,"String sqlcheck = ' SELECT COUNT(*) FROM FAS.LEDGER ' +"
"rptPayable_vs_Paid.java","LEDGER",766,"String sql_non_chq = ' SELECT COUNT(*) FROM FAS.LEDGER ' +"
"rptPayable_vs_Paid.java","LEDGER",774,"sqlfileno = 'SELECT NVL(LEDGER.FILENO,0) FILENO FROM FAS.LEDGER ' +"
"rptPayable_vs_Paid.java","LEDGER",793," SELECT DISTINCT LEDGER.BILLNO FROM FAS.LEDGER ' +"
"rptuf_inc_bill_folio.java","LEDGER",863," FROM FAS.LEDGER ' +"
"rptuf_inc_bill_folio.java","LEDGER",1596,"stmt = ' SELECT COUNT(*) FROM FAS.LEDGER WHERE TRNTYPE='BP' AND PRODTYPE='MF' AND BRCODE =? AND TRDATE BETWEEN '1-APR-'+ (tdyear-1) +'' AND '31-MAR-'+ tdyear +'' ';"
"rptuf_inc_bill_folio.java","LEDGER",2411,"String sqlSelect='select Ch_no,Credit,to_char(trdate,'DD/MM/YYYY') trdate from fas.ledger where billno=''+mfbillno+'' and credit!=0 and ch_no is not null';"
"rptuf_inc_bill_opt_old.java","LEDGER",630," FROM FAS.LEDGER ' +"
"rptuf_inc_bill_opt.java","LEDGER",647," FROM FAS.LEDGER ' +"
"rptuf_inc_bill.java","LEDGER",617," FROM FAS.LEDGER ' +"
"rptuf_inc_bill.java","LEDGER",1623,"stmt = ' SELECT COUNT(*) FROM FAS.LEDGER WHERE TRNTYPE='BP' AND PRODTYPE='MF' AND BRCODE =? AND TRDATE BETWEEN '1-APR-'+ (tdyear-1) +'' AND '31-MAR-'+ tdyear +'' ';"
"rptuf_inc_bill.java","LEDGER",2149,"stmt = ' SELECT COUNT(*) FROM FAS.LEDGER WHERE TRNTYPE='BP' AND PRODTYPE='MF' AND BRCODE =? AND TRDATE BETWEEN '1-APR-'+ (tdyear-1) +'' AND '31-MAR-'+ tdyear +'' ';"
"save_bill_AM.java","LEDGER",434,"stmt = ' SELECT count(*) FROM FAS.LEDGER WHERE LPAD(CH_NO,10,'0')=LPAD('' + chq_no + '',10,'0') and PARTYCODE = ''+bankcode+'' ';"
"save_bill_AM.java","LEDGER",789,"stmt = ' SELECT count(*) FROM FAS.LEDGER WHERE LPAD(CH_NO,10,'0')=LPAD(?,10,'0') and PARTYCODE = ''+bankcode+'' ' ;"
"save_bill_AM.java","LEDGER",966,"SQLstmt = 'SELECT MAX(TO_NUMBER(SUBSTR(VOU,4,7))) FROM FAS.LEDGER WHERE SUBSTR(VOU,1,3)='BAN'';"
"save_bill_AM.java","LEDGER",985,"SQLstmt = ' SELECT COUNT(*) FROM LEDGER WHERE VOU ='' + vou1 + ''';"
"save_bill_AM.java","LEDGER",1073,"SQLstmt = ' INSERT INTO LEDGER (firmcode,vou,trdate,accode,debit,credit,partycode,ch_no,draft,desc1,tdstype,';"
"save_bill_AM.java","LEDGER",1102,"SQLstmt = ' INSERT INTO LEDGER (firmcode,vou,trdate,accode,debit,credit,partycode,ch_no,draft,desc1,tdstype,';"
"save_bill_valuepack.java","LEDGER",1147,"stmt = ' SELECT count(*) FROM FAS.LEDGER WHERE LPAD(CH_NO,10,'0')=LPAD(?,10,'0') and PARTYCODE = ''+bankcode+'' ';"
"save_tr_bill_AM_pro.java","LEDGER",3009,"SQLstmt = ' INSERT INTO LEDGER (firmcode,vou,trdate,accode,debit,credit,partycode,ch_no,draft,desc1,';"
"save_tr_bill_AM_pro.java","LEDGER",3025,"SQLstmt = ' INSERT INTO LEDGER (firmcode,vou,trdate,accode,debit,credit,partycode,ch_no,draft,desc1,tdstype,';"
"save_tr_bill_AM_pro.java","LEDGER",3083,"SQLstmt = ' INSERT INTO LEDGER (firmcode,vou,trdate,accode,debit,credit,partycode,ch_no,draft,desc1,tdstype,';"
"save_tr_bill_AM_pro.java","LEDGER",3105,"SQLstmt = ' INSERT INTO LEDGER (firmcode,vou,trdate,accode,debit,credit,partycode,ch_no,draft,desc1,tdstype,';"
"save_tr_bill_AM_pro.java","LEDGER",3159,"SQLstmt = ' INSERT INTO LEDGER (firmcode,vou,trdate,accode,debit,credit,partycode,ch_no,draft,desc1,tdstype,';"
"save_tr_bill_AM_pro.java","LEDGER",3172,"SQLstmt = ' INSERT INTO LEDGER (firmcode,vou,trdate,accode,debit,credit,partycode,ch_no,draft,desc1,tdstype,';"
"save_tr_bill_AM_pro.java","LEDGER",3229,"SQLstmt = ' INSERT INTO LEDGER (firmcode,vou,trdate,accode,debit,credit,partycode,ch_no,draft,desc1,tdstype,';"
"save_tr_bill_AM_pro.java","LEDGER",3242,"SQLstmt = ' INSERT INTO LEDGER (firmcode,vou,trdate,accode,debit,credit,partycode,ch_no,draft,desc1,tdstype,';"
"save_tr_bill_AM_pro.java","LEDGER",3295,"SQLstmt = ' INSERT INTO LEDGER (firmcode,vou,trdate,accode,debit,credit,partycode,ch_no,draft,desc1,tdstype,';"
"save_tr_bill_AM_pro.java","LEDGER",3307,"SQLstmt = ' INSERT INTO LEDGER (firmcode,vou,trdate,accode,debit,credit,partycode,ch_no,draft,desc1,tdstype,';"
"save_tr_bill_AM_pro.java","LEDGER",3362,"SQLstmt = ' INSERT INTO LEDGER (firmcode,vou,trdate,accode,debit,credit,partycode,ch_no,draft,desc1,tdstype,';"
"save_tr_bill_AM_pro.java","LEDGER",3378,"SQLstmt = ' INSERT INTO LEDGER (firmcode,vou,trdate,accode,debit,credit,partycode,ch_no,draft,desc1,tdstype,';"
"save_tr_bill_AM_pro.java","LEDGER",3434,"SQLstmt = ' INSERT INTO LEDGER (firmcode,vou,trdate,accode,debit,credit,partycode,ch_no,draft,desc1,tdstype,';"
"save_tr_bill_AM_pro.java","LEDGER",3446,"SQLstmt = ' INSERT INTO LEDGER (firmcode,vou,trdate,accode,debit,credit,partycode,ch_no,draft,desc1,tdstype,';"
"save_tr_bill_AM_pro.java","LEDGER",3500,"SQLstmt = ' INSERT INTO LEDGER (firmcode,vou,trdate,accode,debit,credit,partycode,ch_no,draft,desc1,tdstype,';"
"save_tr_bill_AM_pro.java","LEDGER",3515,"SQLstmt = ' INSERT INTO LEDGER (firmcode,vou,trdate,accode,debit,credit,partycode,ch_no,draft,desc1,tdstype,';"
"save_tr_bill_AM_pro.java","LEDGER",3754,"SQLstmt = 'SELECT MAX(TO_NUMBER(SUBSTR(VOU,4,7))) FROM LEDGER WHERE SUBSTR(VOU,1,3)='BAN'';"
"save_tr_bill_AM_pro.java","LEDGER",3771,"SQLstmt = ' SELECT COUNT(*) FROM LEDGER WHERE VOU ='' + vou1 + ''';"
"save_tr_bill_AM_pro.java","LEDGER",3918,"SQLstmt = ' INSERT INTO LEDGER (firmcode,vou,trdate,accode,debit,credit,partycode,ch_no,draft,desc1,tdstype,';"
"save_tr_bill_AM_pro.java","LEDGER",3979,"SQLstmt = ' INSERT INTO LEDGER (firmcode,vou,trdate,accode,debit,credit,partycode,ch_no,draft,desc1,tdstype,';"
"save_tr_bill_AM.java","LEDGER",569,"FROM FAS.LEDGER ' +"
"save_tr_bill_AM.java","LEDGER",1934,"stmt = ' SELECT count(*) FROM FAS.LEDGER WHERE LPAD(CH_NO,10,'0')=LPAD(?,10,'0') and PARTYCODE = ''+bankcode+'' ';"
"save_tr_bill_AM.java","LEDGER",2148,"SQLstmt = 'SELECT MAX(TO_NUMBER(SUBSTR(VOU,4,7))) FROM LEDGER WHERE SUBSTR(VOU,1,3)='BAN'';"
"save_tr_bill_AM.java","LEDGER",2165,"SQLstmt = ' SELECT COUNT(*) FROM LEDGER WHERE VOU ='' + vou1 + ''';"
"save_tr_bill_AM.java","LEDGER",2312,"SQLstmt = ' INSERT INTO LEDGER (firmcode,vou,trdate,accode,debit,credit,partycode,ch_no,draft,desc1,tdstype,';"
"save_tr_bill_AM.java","LEDGER",2373,"SQLstmt = ' INSERT INTO LEDGER (firmcode,vou,trdate,accode,debit,credit,partycode,ch_no,draft,desc1,tdstype,';"
"save_uf_bill_AM_pro.java","LEDGER",3753,"SQLstmt = ' INSERT INTO LEDGER (firmcode,vou,trdate,accode,debit,credit,partycode,ch_no,draft,desc1,';"
"save_uf_bill_AM_pro.java","LEDGER",3769,"SQLstmt = ' INSERT INTO LEDGER (firmcode,vou,trdate,accode,debit,credit,partycode,ch_no,draft,desc1,tdstype,';"
"save_uf_bill_AM_pro.java","LEDGER",3827,"SQLstmt = ' INSERT INTO LEDGER (firmcode,vou,trdate,accode,debit,credit,partycode,ch_no,draft,desc1,tdstype,';"
"save_uf_bill_AM_pro.java","LEDGER",3849,"SQLstmt = ' INSERT INTO LEDGER (firmcode,vou,trdate,accode,debit,credit,partycode,ch_no,draft,desc1,tdstype,';"
"save_uf_bill_AM_pro.java","LEDGER",3903,"SQLstmt = ' INSERT INTO LEDGER (firmcode,vou,trdate,accode,debit,credit,partycode,ch_no,draft,desc1,tdstype,';"
"save_uf_bill_AM_pro.java","LEDGER",3916,"SQLstmt = ' INSERT INTO LEDGER (firmcode,vou,trdate,accode,debit,credit,partycode,ch_no,draft,desc1,tdstype,';"
"save_uf_bill_AM_pro.java","LEDGER",3973,"SQLstmt = ' INSERT INTO LEDGER (firmcode,vou,trdate,accode,debit,credit,partycode,ch_no,draft,desc1,tdstype,';"
"save_uf_bill_AM_pro.java","LEDGER",3986,"SQLstmt = ' INSERT INTO LEDGER (firmcode,vou,trdate,accode,debit,credit,partycode,ch_no,draft,desc1,tdstype,';"
"save_uf_bill_AM_pro.java","LEDGER",4040,"SQLstmt = ' INSERT INTO LEDGER (firmcode,vou,trdate,accode,debit,credit,partycode,ch_no,draft,desc1,tdstype,';"
"save_uf_bill_AM_pro.java","LEDGER",4052,"SQLstmt = ' INSERT INTO LEDGER (firmcode,vou,trdate,accode,debit,credit,partycode,ch_no,draft,desc1,tdstype,';"
"save_uf_bill_AM_pro.java","LEDGER",4107,"SQLstmt = ' INSERT INTO LEDGER (firmcode,vou,trdate,accode,debit,credit,partycode,ch_no,draft,desc1,tdstype,';"
"save_uf_bill_AM_pro.java","LEDGER",4123,"SQLstmt = ' INSERT INTO LEDGER (firmcode,vou,trdate,accode,debit,credit,partycode,ch_no,draft,desc1,tdstype,';"
"save_uf_bill_AM_pro.java","LEDGER",4180,"SQLstmt = ' INSERT INTO LEDGER (firmcode,vou,trdate,accode,debit,credit,partycode,ch_no,draft,desc1,tdstype,';"
"save_uf_bill_AM_pro.java","LEDGER",4192,"SQLstmt = ' INSERT INTO LEDGER (firmcode,vou,trdate,accode,debit,credit,partycode,ch_no,draft,desc1,tdstype,';"
"save_uf_bill_AM_pro.java","LEDGER",4246,"SQLstmt = ' INSERT INTO LEDGER (firmcode,vou,trdate,accode,debit,credit,partycode,ch_no,draft,desc1,tdstype,';"
"save_uf_bill_AM_pro.java","LEDGER",4261,"SQLstmt = ' INSERT INTO LEDGER (firmcode,vou,trdate,accode,debit,credit,partycode,ch_no,draft,desc1,tdstype,';"
"save_uf_bill_AM_pro.java","LEDGER",4503,"SQLstmt = 'SELECT MAX(TO_NUMBER(SUBSTR(VOU,4,7))) FROM LEDGER WHERE SUBSTR(VOU,1,3)='BAN'';"
"save_uf_bill_AM_pro.java","LEDGER",4520,"SQLstmt = ' SELECT COUNT(*) FROM LEDGER WHERE VOU ='' + vou1 + ''';"
"save_uf_bill_AM_pro.java","LEDGER",4673,"SQLstmt = ' INSERT INTO LEDGER (firmcode,vou,trdate,accode,debit,credit,partycode,ch_no,draft,desc1,tdstype,';"
"save_uf_bill_AM_pro.java","LEDGER",4725,"SQLstmt = ' INSERT INTO LEDGER (firmcode,vou,trdate,accode,debit,credit,partycode,ch_no,draft,desc1,tdstype,';"
"save_uf_bill_AM.java","LEDGER",569,"stmt = ' SELECT count(*) FROM FAS.LEDGER WHERE LPAD(CH_NO,10,'0')=LPAD(''+chq_no+'',10,'0') and PARTYCODE = ''+bankcode+'' ';"
"save_uf_bill_AM.java","LEDGER",2349,"stmt = ' SELECT count(*) FROM FAS.LEDGER WHERE LPAD(CH_NO,10,'0')=LPAD(?,10,'0') and PARTYCODE = ''+bankcode+'' ';"
"save_uf_bill_AM.java","LEDGER",2562,"SQLstmt = 'SELECT MAX(TO_NUMBER(SUBSTR(VOU,4,7))) FROM LEDGER WHERE SUBSTR(VOU,1,3)='BAN'';"
"save_uf_bill_AM.java","LEDGER",2579,"SQLstmt = ' SELECT COUNT(*) FROM LEDGER WHERE VOU ='' + vou1 + ''';"
"save_uf_bill_AM.java","LEDGER",2732,"SQLstmt = ' INSERT INTO LEDGER (firmcode,vou,trdate,accode,debit,credit,partycode,ch_no,draft,desc1,tdstype,';"
"save_uf_bill_AM.java","LEDGER",2784,"SQLstmt = ' INSERT INTO LEDGER (firmcode,vou,trdate,accode,debit,credit,partycode,ch_no,draft,desc1,tdstype,';"
"sms_report.java","LEDGER",225," (SELECT SUM(DEBIT) FROM FAS.LEDGER LD1 '+"
"sms_report.java","LEDGER",261," FROM FAS.LEDGER LD'+"
"WP_PaymentDetailReport.java","LEDGER",76," INNER JOIN FAS.LEDGER ON (LEDGER.BILLNO=BILLMST.BILLNO AND LEDGER.DEBIT > 0 AND LEDGER.TRNTYPE='BP') ' +"
"WP_PaymentDetailReport.java","LEDGER",82," INNER JOIN FAS.LEDGER ON (LEDGER.BILLNO=BILLMST.BILLNO AND LEDGER.DEBIT > 0 AND LEDGER.TRNTYPE='JV' AND LEDGER.JVTYPE = 'P')' +"
,,,
"bill_payment_utility.java","LINK_VOU",1405,"sqlLinkVOU = ' SELECT MAX(SRNO) MAX FROM FAS.LINK_VOU ';"
"bill_payment_utility.java","LINK_VOU",1736,"PstmtInsLinkVOU = Conn1.prepareStatement(' INSERT INTO FAS.LINK_VOU VALUES(?,?) ');"
"bill_UF_NJP_save_pro.java","LINK_VOU",1592,"Pstmt = Conn.prepareStatement('INSERT INTO LINK_VOU VALUES(?,?)');"
"brokchqauthorized_JV.java","LINK_VOU",1275,"String stmt13 = ' SELECT MAX(SRNO)+1 CNT FROM FAS.LINK_VOU ';"
"brokchqauthorized_JV.java","LINK_VOU",1910,"stmt1='SELECT DISTINCT LV1.VOU VOU FROM FAS.LINK_VOU LV '+"
"brokchqauthorized_JV.java","LINK_VOU",1912,"INNER JOIN FAS.LINK_VOU LV1 ON (LV1.SRNO=LV.SRNO) '+"
"brokchqreceipt_save.java","LINK_VOU",953," from fas.link_vou lv1 ' +"
"brokchqreceipt_save.java","LINK_VOU",956," from fas.LINK_VOU lv2 ' +"
"brokchqreport_JV.java","LINK_VOU",1200,"iner_query.append('left join fas.LINK_VOU lv on (lv.vou = l.vou)');"
"brokchqreport_JV.java","LINK_VOU",1201,"iner_query.append('left join fas.LINK_VOU lv1 on (lv1.srno = lv.srno and lv1.vou != lv.vou)');"
"function_billproc.java","LINK_VOU",4151,"sqlLinkVOU=' SELECT MAX(SRNO) MAX FROM FAS.LINK_VOU ';"
"function_billproc.java","LINK_VOU",4164,"PstmtInsLinkVOU = Conn1.prepareStatement(' INSERT INTO FAS.LINK_VOU VALUES(?,?) ');"
"function_billproc.java","LINK_VOU",4931,"Pstmt = Conn.prepareStatement('INSERT INTO LINK_VOU VALUES(?,?)');"
"save_tr_bill_AM_pro.java","LINK_VOU",2921,"Pstmt = Conn.prepareStatement('INSERT INTO LINK_VOU VALUES(?,?)');"
"save_uf_bill_AM_pro.java","LINK_VOU",3665,"Pstmt = Conn.prepareStatement('INSERT INTO LINK_VOU VALUES(?,?)');"
"save_uf_bill_AM_pro.java","LINK_VOU",4548,"String SQLins='INSERT INTO LINK_VOU VALUES(?,?)';"
"save_uf_bill_AM.java","LINK_VOU",2607,"String SQLins='INSERT INTO LINK_VOU VALUES(?,?)';"
,,,
"bill_pay_utility_ENET.java","LOG_FILE_GEN",770,"selSeq= ' INSERT INTO FAS.LOG_FILE_GEN ' +"
"bill_payutility.java","LOG_FILE_GEN",1316,"selSeq = ' INSERT INTO FAS.LOG_FILE_GEN ' +"
"Enet_file_cancel.java","LOG_FILE_GEN",246,"FROM FAS.LOG_FILE_GEN ' +"
"Enet_file_cancel.java","LOG_FILE_GEN",311,"FROM FAS.LOG_FILE_GEN ' +"
"Enet_file_cancel.java","LOG_FILE_GEN",350,"SQL1='UPDATE FAS.LOG_FILE_GEN SET STATUS='Cancelled' where FILENO=? ';"
"enetfilecancelModel.java","LOG_FILE_GEN",39," FROM LOG_FILE_GEN LG ' +"
"enetfilecancelModel.java","LOG_FILE_GEN",100," FROM LOG_FILE_GEN ' +"
"enetfilecancelModel.java","LOG_FILE_GEN",260,"SQL1 = 'UPDATE LOG_FILE_GEN SET STATUS='Cancelled',REMARK = :remark,USERNAME = :username ' +"
"enetfilecancelModel.java","LOG_FILE_GEN",280,"SQLQuery = 'SELECT FILENAME, PAY_TYPE FROM LOG_FILE_GEN WHERE FILENO= :fileno ';"
,,,
"Enet_file_cancel.java","LOG_IMP_ENET",370,"String SQL3='SELECT COUNT(*) CNT1 FROM FAS.LOG_IMP_ENET F ' +"
"Enet_file_cancel.java","LOG_IMP_ENET",374,"AND ENTDATE=(SELECT MAX(ENTDATE) FROM FAS.LOG_IMP_ENET WHERE FILENO=F.FILENO) ';"
"enetfilecancelModel.java","LOG_IMP_ENET",43," SELECT FILENO FROM LOG_IMP_ENET F ' +"
"enetfilecancelModel.java","LOG_IMP_ENET",46," AND F.ENTDATE=(SELECT MAX(ENTDATE) FROM FAS.LOG_IMP_ENET WHERE FILENO=F.FILENO) ' +"
"enetfilecancelModel.java","LOG_IMP_ENET",267,"SQL3 = ' SELECT COUNT(*) CNT1 FROM LOG_IMP_ENET F ' +"
"enetfilecancelModel.java","LOG_IMP_ENET",270,"AND ENTDATE=(SELECT MAX(ENTDATE) FROM FAS.LOG_IMP_ENET WHERE FILENO=F.FILENO) ';"
,,,
"bill_payment_utility.java","LOG_MASTER",1387,"Sql_Insert_Log = ' INSERT INTO FAS.LOG_MASTER ';"
"fas_in_mfund.sql","LOG_MASTER",129383,"EXECUTE IMMEDIATE 'SELECT ENTDATE FROM FAS.LOG_MASTER WHERE ACTION=''ADD'' AND TABLENAME=''LEDGER'' AND MST_CODE=:1 AND ROWNUM = 1'"
,,,
"BrokCheqUnAuthoDataManager.java","MEET_LEDGER_MAP",367,"sql = 'DELETE FROM FAS.MEET_LEDGER_MAP WHERE MAP_VOU=:vou ';"
"BrokChqAuthorizationDataManager.java","MEET_LEDGER_MAP",416,"sql = 'INSERT INTO FAS.MEET_LEDGER_MAP (MAP_VOU,MEET_CODE,AMC_REPRESENTATIVE,MEET_DATE) '"
,,,
"BrokChequeEntryDataManager.java","MEETING_MAST",322," left join FAS.MEETING_MAST MM ON (MM.SRNO = TR.MEET_CODE AND TR.MEET_CODE!='NONE') ' +"
"BrokChequeEntryDataManager.java","MEETING_MAST",434,"+' left join FAS.MEETING_MAST MM ON (MM.SRNO = TR.MEET_CODE AND TR.MEET_CODE!='NONE') '"
"brokchequeutility_JV.java","MEETING_MAST",13319,"String sql='SELECT SRNO,MEET_NAME FROM FAS.MEETING_MAST ORDER BY SRNO ';"
"comboFuntions.java","MEETING_MAST",608,"SQLselect='SELECT SRNO,MEET_NAME FROM FAS.MEETING_MAST ORDER BY SRNO ';"
"function_brokchq_util.java","MEETING_MAST",138,"String sql='SELECT SRNO,MEET_NAME FROM FAS.MEETING_MAST ORDER BY SRNO ';"
,,,
"Bill_Process.java","PARTYMAST",946,"stmt1= ' select partyname from fas.partymast where partycode=''+partycode+'' '+"
"Bill_Process.java","PARTYMAST",1211,"stmt1='select partyname from fas.partymast where partycode=''+partycode+'' '+"
"Bill_Process.java","PARTYMAST",1547,"stmt1='select partyname from fas.partymast where partycode= ? '+"
"bill_save_auto_RAP.java","PARTYMAST",1276,"stmt1 = ' select partyname from fas.partymast where partycode='' + partycode + '' ' +"
"bill_save_auto_RAP.java","PARTYMAST",1572,"stmt1 = 'select partyname from fas.partymast where partycode='' + partycode + '' ' +"
"bill_save_auto_RAP.java","PARTYMAST",1942,"stmt1 = 'select partyname from fas.partymast where partycode= ? ' +"
"bill_save_auto_RAP.java","PARTYMAST",3004,"String SQLselect = ' SELECT partycode,partyname FROM PARTYMAST WHERE CATCODE='BAN' ' +"
"bill_save_auto_RAP.java","PARTYMAST",3051," FROM PARTYMAST ' +"
"bill_TR_NJP_Menu.java","PARTYMAST",2589,"String SQLselect=' SELECT partycode,partyname FROM PARTYMAST WHERE CATCODE='BAN' ORDER BY PARTYNAME ';"
"Bill_TR_NJP_Preview_ENROLL.java","PARTYMAST",1959,"String SQLselect=' SELECT partycode,partyname FROM PARTYMAST WHERE CATCODE='BAN' ORDER BY PARTYNAME ';"
"Bill_TR_NJP_Preview.java","PARTYMAST",2101,"String SQLselect=' SELECT partycode,partyname FROM PARTYMAST WHERE CATCODE='BAN' ORDER BY PARTYNAME ';"
"bill_UF_NJP_print.java","PARTYMAST",1819,"StrSql=' SELECT partyname FROM PARTYMAST WHERE CATCODE='BAN' and partycode=''+bankcode+'' ORDER BY PARTYNAME ';"
"brokcheque.java","PARTYMAST",2709,"stmt1 +=' INNER JOIN FAS.PARTYMAST PM1 ON(PM1.PARTYCODE=BROK_CHQ_TRN.REC_HEAD) ';"
"brokcheque.java","PARTYMAST",2710,"stmt1 +=' INNER JOIN FAS.PARTYMAST PM2 ON(PM2.PARTYCODE=BROK_CHQ_TRN.INC_HEAD) ';"
"brokcheque.java","PARTYMAST",2712,"stmt1 +=' INNER JOIN FAS.PARTYMAST PM4 ON(PM4.PARTYCODE=BROK_CHQ_MAST.BANKCODE) ';"
"brokcheque.java","PARTYMAST",2713,"stmt1 +=' LEFT JOIN FAS.PARTYMAST PM3 ON(PM3.PARTYCODE=BROK_CHQ_TRN.TDS_HEAD) ';"
"brokcheque.java","PARTYMAST",9003,"String SQLselect=' SELECT partycode,partyname FROM FAS.PARTYMAST WHERE CATCODE='BAN' ORDER BY PARTYNAME ';"
"BrokChequeEntryDataManager.java","PARTYMAST",52," INNER JOIN FAS.PARTYMAST PM ON (PM.PARTYCODE =HM.PARTYCODE_RECEIVABLE AND FIRMCODE=:firmCodeJV)'+"
"BrokChequeEntryDataManager.java","PARTYMAST",64," INNER JOIN FAS.PARTYMAST PM ON (PM.PARTYCODE =HM.PARTYCODE_INCOME AND FIRMCODE=:firmCodeJV)'+"
"BrokChequeEntryDataManager.java","PARTYMAST",76," INNER JOIN FAS.PARTYMAST PM ON (PM.PARTYCODE =HM.PARTYCODE_ST_NOTDUE AND FIRMCODE=:firmCodeJV)'+"
"BrokChequeEntryDataManager.java","PARTYMAST",88," INNER JOIN FAS.PARTYMAST PM ON (PM.PARTYCODE =HM.PARTYCODE_ST_PAY AND FIRMCODE=:firmCodeJV)'+"
"BrokChequeEntryDataManager.java","PARTYMAST",99," INNER JOIN FAS.PARTYMAST PM ON (PM.PARTYCODE =HM.PARTYCODE_TDS AND FIRMCODE=:firmCodeJV)'+"
"BrokChequeEntryDataManager.java","PARTYMAST",160,"LEFT JOIN FAS.PARTYMAST PM1 ON(PM1.PARTYCODE=BCM.BANKCODE and PM1.FIRMCODE=BCM.FIRM_BR) '+"
"BrokChequeEntryDataManager.java","PARTYMAST",161,"LEFT JOIN FAS.PARTYMAST PM2 ON(PM2.PARTYCODE=BCM.PARTYCODE_SUSPENSE and PM2.FIRMCODE=BCM.FIRM_BR) '+"
"BrokChequeEntryDataManager.java","PARTYMAST",253,"String select = 'SELECT PARTYNAME FROM FAS.PARTYMAST WHERE PARTYCODE =:partycode and FIRMCODE =:firmcode';"
"BrokChequeEntryDataManager.java","PARTYMAST",286," left JOIN FAS.PARTYMAST PM ON (PM.PARTYCODE = MST.PARTYCODE_SUSPENSE AND PM.FIRMCODE = MST.FIRM_BR) ' +"
"BrokChequeEntryDataManager.java","PARTYMAST",287," left JOIN FAS.PARTYMAST PM1 ON (PM1.PARTYCODE = MST.BANKCODE AND PM1.FIRMCODE = MST.FIRM_BR) ' +"
"BrokChequeEntryDataManager.java","PARTYMAST",317," left join FAS.PARTYMAST PM1 ON (PM1.PARTYCODE=TR.REC_HEAD and PM1.FIRMCODE = TR.FIRM_JV) ' +"
"BrokChequeEntryDataManager.java","PARTYMAST",318," left join FAS.PARTYMAST PM2 ON (PM2.PARTYCODE=TR.INC_HEAD and PM2.FIRMCODE = TR.FIRM_JV) ' +"
"BrokChequeEntryDataManager.java","PARTYMAST",319," left join FAS.PARTYMAST PM3 ON (PM3.PARTYCODE=TR.PARTYCODE_ST_NOTDUE and PM3.FIRMCODE = TR.FIRM_JV) ' +"
"BrokChequeEntryDataManager.java","PARTYMAST",320," left join FAS.PARTYMAST PM4 ON (PM4.PARTYCODE=TR.PARTYCODE_ST_PAY and PM4.FIRMCODE = TR.FIRM_JV) ' +"
"BrokChequeEntryDataManager.java","PARTYMAST",321," left join FAS.PARTYMAST PM5 ON (PM5.PARTYCODE=TR.TDS_HEAD and PM5.FIRMCODE = TR.FIRM_JV) ' +"
"BrokChequeEntryDataManager.java","PARTYMAST",428,"+' INNER join FAS.PARTYMAST PM1 ON (PM1.PARTYCODE=TR.REC_HEAD and PM1.FIRMCODE = TR.FIRM_JV) '"
"BrokChequeEntryDataManager.java","PARTYMAST",429,"+' INNER join FAS.PARTYMAST PM2 ON (PM2.PARTYCODE=TR.INC_HEAD and PM2.FIRMCODE = TR.FIRM_JV) '"
"BrokChequeEntryDataManager.java","PARTYMAST",431,"+' left join FAS.PARTYMAST PM3 ON (PM3.PARTYCODE=HM.PARTYCODE_ST_NOTDUE and PM3.FIRMCODE = TR.FIRM_JV) '"
"BrokChequeEntryDataManager.java","PARTYMAST",432,"+' left join FAS.PARTYMAST PM4 ON (PM4.PARTYCODE=HM.PARTYCODE_ST_PAY and PM4.FIRMCODE = TR.FIRM_JV) '"
"BrokChequeEntryDataManager.java","PARTYMAST",433,"+' left join FAS.PARTYMAST PM5 ON (PM5.PARTYCODE=HM.PARTYCODE_TDS and PM5.FIRMCODE = TR.FIRM_JV) '"
"BrokChequeEntryService.java","PARTYMAST",443,"strSelect2 += ' INNER JOIN FAS.PARTYMAST PM1 ON(PM1.PARTYCODE=BROK_CHQ_TRN.REC_HEAD AND PM1.FIRMCODE=BROK_CHQ_TRN.FIRM_JV) ';"
"BrokChequeEntryService.java","PARTYMAST",446,"strSelect2 += ' INNER JOIN FAS.PARTYMAST PM1 ON(PM1.PARTYCODE=BROK_CHQ_TRN.REC_HEAD AND PM1.FIRMCODE=BROK_CHQ_MAST.FIRM_BR) ';"
"BrokChequeEntryService.java","PARTYMAST",450,"strSelect2 += ' LEFT JOIN FAS.PARTYMAST PM2 ON(PM2.PARTYCODE=BROK_CHQ_TRN.INC_HEAD AND PM2.FIRMCODE=BROK_CHQ_TRN.FIRM_JV) ';"
"BrokChequeEntryService.java","PARTYMAST",453,"strSelect2 += ' LEFT JOIN FAS.PARTYMAST PM2 ON(PM2.PARTYCODE=BROK_CHQ_TRN.INC_HEAD AND PM2.FIRMCODE=BROK_CHQ_MAST.FIRM_BR) ';"
"BrokChequeEntryService.java","PARTYMAST",459,"strSelect2 += ' INNER JOIN FAS.PARTYMAST PM4 ON(PM4.PARTYCODE=BROK_CHQ_MAST.BANKCODE AND PM4.FIRMCODE=BROK_CHQ_MAST.FIRM_BR) ';"
"BrokChequeEntryService.java","PARTYMAST",463,"strSelect2 += ' LEFT JOIN FAS.PARTYMAST PM3 ON(PM3.PARTYCODE=BROK_CHQ_TRN.TDS_HEAD AND PM3.FIRMCODE=BROK_CHQ_TRN.FIRM_JV) ';"
"BrokChequeEntryService.java","PARTYMAST",466,"strSelect2 += ' LEFT JOIN FAS.PARTYMAST PM3 ON(PM3.PARTYCODE=BROK_CHQ_TRN.TDS_HEAD AND PM3.FIRMCODE=BROK_CHQ_MAST.FIRM_BR) ';"
"BrokChequeEntryService.java","PARTYMAST",471,"strSelect2 +=' LEFT JOIN FAS.PARTYMAST STND ON(BROK_CHQ_TRN.PARTYCODE_ST_NOTDUE=STND.PARTYCODE AND STND.FIRMCODE=BROK_CHQ_TRN.FIRM_JV) '+"
"BrokChequeEntryService.java","PARTYMAST",472," LEFT JOIN FAS.PARTYMAST STP ON(BROK_CHQ_TRN.PARTYCODE_ST_PAY=STP.PARTYCODE AND STP.FIRMCODE=BROK_CHQ_TRN.FIRM_JV) ';"
"brokchequeutility_JV_Edit.java","PARTYMAST",3046,"stmt1 +=' INNER JOIN FAS.PARTYMAST PM1"
"brokchequeutility_JV_Edit.java","PARTYMAST",3048,"stmt1 +=' INNER JOIN FAS.PARTYMAST PM2"
"brokchequeutility_JV_Edit.java","PARTYMAST",3052,"stmt1 +=' INNER JOIN FAS.PARTYMAST PM4"
"brokchequeutility_JV_Edit.java","PARTYMAST",3054,"stmt1 +=' LEFT JOIN FAS.PARTYMAST PM3"
"brokchequeutility_JV_Edit.java","PARTYMAST",3086,"stmt1 += ' INNER JOIN FAS.PARTYMAST PM1 ' +"
"brokchequeutility_JV_Edit.java","PARTYMAST",3090,"stmt1 += ' INNER JOIN FAS.PARTYMAST PM2 ' +"
"brokchequeutility_JV_Edit.java","PARTYMAST",3098,"stmt1 += ' INNER JOIN FAS.PARTYMAST PM4 ' +"
"brokchequeutility_JV_Edit.java","PARTYMAST",3102,"stmt1 += ' LEFT JOIN FAS.PARTYMAST PM3 ' +"
"brokchequeutility_JV.java","PARTYMAST",3484,"stmt1 +=' INNER JOIN FAS.PARTYMAST PM1 ON(PM1.PARTYCODE=BROK_CHQ_TRN.REC_HEAD) ';"
"brokchequeutility_JV.java","PARTYMAST",3485,"stmt1 +=' INNER JOIN FAS.PARTYMAST PM2 ON(PM2.PARTYCODE=BROK_CHQ_TRN.INC_HEAD) ';"
"brokchequeutility_JV.java","PARTYMAST",3487,"stmt1 +=' INNER JOIN FAS.PARTYMAST PM4 ON(PM4.PARTYCODE=BROK_CHQ_MAST.BANKCODE) ';"
"brokchequeutility_JV.java","PARTYMAST",3488,"stmt1 +=' LEFT JOIN FAS.PARTYMAST PM3 ON(PM3.PARTYCODE=BROK_CHQ_TRN.TDS_HEAD) ';"
"brokchequeutility_JV.java","PARTYMAST",3504,"stmt1 +=' INNER JOIN FAS.PARTYMAST PM1 ON(PM1.PARTYCODE=BROK_CHQ_TRN.REC_HEAD AND PM1.FIRMCODE=''+firmcode+'') ';"
"brokchequeutility_JV.java","PARTYMAST",3506,"stmt1 +=' LEFT JOIN FAS.PARTYMAST PM2 ON(PM2.PARTYCODE=BROK_CHQ_TRN.INC_HEAD AND PM2.FIRMCODE=''+firmcode+'' ) ';"
"brokchequeutility_JV.java","PARTYMAST",3510,"stmt1 +=' INNER JOIN FAS.PARTYMAST PM4 ON(PM4.PARTYCODE=BROK_CHQ_MAST.BANKCODE AND PM4.FIRMCODE=''+firmcode+'') ';"
"brokchequeutility_JV.java","PARTYMAST",3512,"stmt1 +=' LEFT JOIN FAS.PARTYMAST PM3 ON(PM3.PARTYCODE=BROK_CHQ_TRN.TDS_HEAD AND PM3.FIRMCODE=''+firmcode+'' ) ';"
"brokchequeutility_JV.java","PARTYMAST",13396,"String SQLselect=' SELECT partycode,partyname FROM FAS.PARTYMAST WHERE CATCODE='BAN' AND FAS.PARTYMAST.FIRMCODE='FA080809' ORDER BY PARTYNAME ';"
"brokchequeutility_JV.java","PARTYMAST",13470,"String SQLselect=' SELECT partycode,partyname FROM FAS.PARTYMAST WHERE CATCODE='BAN' '+"
"BrokCheqUnAuthoDataManager.java","PARTYMAST",256,"sql = 'SELECT count(*) cnt FROM FAS.PARTYMAST WHERE FIRMCODE=:firmcode AND PARTYCODE IN ( SELECT * FROM THE( SELECT STR2TBL(:partycode) FROM DUAL )) AND IS_ACC_DISPLAY !='Y' ';"
"BrokCheqUnAuthoDataManager.java","PARTYMAST",326,"+ 'INNER JOIN FAS.PARTYMAST PM ON (PM.PARTYCODE=LD.PARTYCODE AND PM.FIRMCODE=:firmcode) '"
"BrokChqAuthorizationDataManager.java","PARTYMAST",224,"+ 'INNER JOIN FAS.PARTYMAST PM ON (PM.PARTYCODE=LD.PARTYCODE AND PM.FIRMCODE=:firmcode) '"
"BrokChqAuthorizationDataManager.java","PARTYMAST",333,"sql = 'SELECT count(*) cnt FROM FAS.PARTYMAST WHERE FIRMCODE=:firmcode AND PARTYCODE IN ( SELECT * FROM THE( SELECT STR2TBL(:partycode) FROM DUAL )) AND IS_ACC_DISPLAY !='Y' ';"
"brokchqauthorized_JV.java","PARTYMAST",695,"stmt1 += ' INNER JOIN FAS.PARTYMAST PM ON (PM.PARTYCODE=LD.PARTYCODE AND PM.FIRMCODE=''+firmcode+'') ';"
"brokchqauthorized_JV.java","PARTYMAST",1019,"stmt1 += ' INNER JOIN FAS.PARTYMAST PM ON (PM.PARTYCODE=LD.PARTYCODE) ';"
"brokchqauthorized_JV.java","PARTYMAST",1074,"String str = ' Select PARTYNAME FROM FAS.PARTYMAST WHERE PARTYCODE=? AND PARTYMAST.FIRMCODE=''+firmcode+'' ';"
"brokchqreceipt_JV.java","PARTYMAST",5390," INNER JOIN FAS.PARTYMAST PM1 ON(PM1.PARTYCODE=BROK_CHQ_TRN.REC_HEAD)'+"
"brokchqreceipt_JV.java","PARTYMAST",5391," INNER JOIN FAS.PARTYMAST PM2 ON(PM2.PARTYCODE=BROK_CHQ_TRN.INC_HEAD)'+"
"brokchqreceipt_JV.java","PARTYMAST",9862,"String SQLselect=' SELECT partycode,partyname FROM FAS.PARTYMAST WHERE CATCODE='BAN' AND FAS.PARTYMAST.FIRMCODE=''+firmcode+'' ORDER BY PARTYNAME ';"
"brokchqreceipt_save.java","PARTYMAST",278," INNER JOIN FAS.PARTYMAST PM1 ON(PM1.PARTYCODE=BROK_CHQ_TRN.REC_HEAD)' +"
"brokchqreceipt_save.java","PARTYMAST",280," LEFT JOIN FAS.PARTYMAST PM3 ON(PM3.PARTYCODE=BROK_CHQ_TRN.TDS_HEAD)' +"
"brokchqreceipt_save.java","PARTYMAST",709," INNER JOIN FAS.PARTYMAST PM1 ON(PM1.PARTYCODE=BROK_CHQ_TRN.REC_HEAD)' +"
"brokchqreceipt_save.java","PARTYMAST",711," LEFT JOIN FAS.PARTYMAST PM3 ON(PM3.PARTYCODE=BROK_CHQ_TRN.TDS_HEAD)' +"
"brokchqreceipt_save.java","PARTYMAST",1066,"INNER JOIN FAS.PARTYMAST PM1 ON(PM1.PARTYCODE=BROK_CHQ_TRN.REC_HEAD)' +"
"brokchqreceipt_save.java","PARTYMAST",1067,"INNER JOIN FAS.PARTYMAST PM2 ON(PM2.PARTYCODE=BROK_CHQ_TRN.INC_HEAD)' +"
"brokchqreceipt_save.java","PARTYMAST",1069,"LEFT JOIN FAS.PARTYMAST PM3 ON(PM3.PARTYCODE=BROK_CHQ_TRN.TDS_HEAD)' +"
"comboFunctions.java","PARTYMAST",1284,"String SQLselect = ' SELECT partycode,partyname FROM PARTYMAST WHERE CATCODE='BAN' ' +"
"comboFunctions.java","PARTYMAST",1337," FROM PARTYMAST ' +"
"function_billproc.java","PARTYMAST",10664,"String SQLselect='SELECT PARTYCODE,PARTYNAME FROM PARTYMAST WHERE PARTYCODE IN ('T0201') AND FIRMCODE = 'FA090809'';"
"function_billproc.java","PARTYMAST",10700,"String SQLselect='SELECT PARTYCODE,PARTYNAME FROM PARTYMAST WHERE PARTYCODE IN ('T0201') AND FIRMCODE = 'FA090809'';"
"function_brokchq_util.java","PARTYMAST",64,"String SQLselect=' SELECT partycode,partyname FROM FAS.PARTYMAST WHERE CATCODE='BAN' ORDER BY PARTYNAME ';"
"function_brokchq_util.java","PARTYMAST",100,"String SQLselect=' SELECT partycode,partyname FROM FAS.PARTYMAST WHERE CATCODE='BAN' '+"
"HeadMasterManager.java","PARTYMAST",305,"+ ' inner join FAS.PARTYMAST pm on (pm.PARTYCODE = dtl.PARTYCODE_SUSPENSE and pm.FIRMCODE = frm.FIRMCODE) '"
"HeadMasterManager.java","PARTYMAST",306,"+ ' inner join FAS.PARTYMAST pm1 on (pm1.PARTYCODE = dtlbnk.PARTYCODE_BANK and pm1.FIRMCODE = frm.FIRMCODE)'"
"HeadMasterManager.java","PARTYMAST",368,"+ ' INNER JOIN FAS.PARTYMAST PTM ON (HM.PARTYCODE_RECEIVABLE= PTM.PARTYCODE AND PTM.FIRMCODE=FRM.FIRMCODE)'"
"HeadMasterManager.java","PARTYMAST",369,"+ ' INNER JOIN FAS.PARTYMAST PTM1 ON (HM.PARTYCODE_INCOME= PTM1.PARTYCODE AND PTM1.FIRMCODE=FRM.FIRMCODE)'"
"HeadMasterManager.java","PARTYMAST",370,"+ ' left JOIN FAS.PARTYMAST PTM2 ON (HM.PARTYCODE_TDS= PTM2.PARTYCODE AND PTM2.FIRMCODE=FRM.FIRMCODE)'"
"HeadMasterManager.java","PARTYMAST",371,"+ ' left JOIN FAS.PARTYMAST PTM3 ON (HM.PARTYCODE_ST_NOTDUE= PTM3.PARTYCODE AND PTM3.FIRMCODE=FRM.FIRMCODE)'"
"HeadMasterManager.java","PARTYMAST",372,"+ ' left JOIN FAS.PARTYMAST PTM4 ON (HM.PARTYCODE_ST_PAY= PTM4.PARTYCODE AND PTM4.FIRMCODE=FRM.FIRMCODE) '"
"MastServlet.java","PARTYMAST",4286,"FROM PARTYMAST ' +"
"MastServlet.java","PARTYMAST",4334," FROM PARTYMAST ' +"
"MastServlet.java","PARTYMAST",4541,"String SQLselect=' SELECT partycode,partyname FROM PARTYMAST WHERE CATCODE='BAN' ORDER BY PARTYNAME ';"
"MastServlet.java","PARTYMAST",4576,"String SQLselect=' SELECT partycode,partyname FROM PARTYMAST WHERE CATCODE='BAN' '+"
"print_tr_bill.java","PARTYMAST",1294,"String SQLselect=' SELECT partycode,partyname FROM PARTYMAST WHERE CATCODE='BAN' ORDER BY PARTYNAME ';"
"print_trbill_njtest.java","PARTYMAST",999,"StrSql=' SELECT partyname FROM FAS.PARTYMAST WHERE CATCODE='BAN' and partycode=''+bankcode+'' ORDER BY PARTYNAME ';"
"print_trbill.java","PARTYMAST",1459,"StrSql=' SELECT partyname FROM FAS.PARTYMAST WHERE CATCODE='BAN' and partycode=''+bankcode+'' ORDER BY PARTYNAME ';"
"Process_TR_Bill_NJP_pro.java","PARTYMAST",750,"stmt1='select partyname from fas.partymast where partycode=''+partycode+'' '+"
"Process_TR_Bill_NJP_pro.java","PARTYMAST",759,"stmt1=' SELECT partycode,partyname FROM FAS.PARTYMAST WHERE CATCODE='BAN' '+"
"Process_TR_Bill_NJP_pro.java","PARTYMAST",954,"stmt1='select partyname from fas.partymast where partycode=''+partycode+'' '+"
"Process_TR_Bill_NJP_pro.java","PARTYMAST",964,"stmt1=' SELECT partycode,partyname FROM FAS.PARTYMAST WHERE CATCODE='BAN' '+"
"Process_TR_Bill_NJP_pro.java","PARTYMAST",1205,"stmt1='select partyname from fas.partymast where partycode= ? '+"
"Process_TR_Bill_NJP_pro.java","PARTYMAST",1227,"stmt1='SELECT partycode,partyname FROM FAS.PARTYMAST WHERE CATCODE='BAN' AND partycode=''+bankcode+'' '+"
"Process_TR_Bill_NJP.java","PARTYMAST",750,"stmt1='select partyname from fas.partymast where partycode=''+partycode+'' '+"
"Process_TR_Bill_NJP.java","PARTYMAST",759,"stmt1='SELECT partycode,partyname FROM FAS.PARTYMAST WHERE CATCODE='BAN' '+"
"Process_TR_Bill_NJP.java","PARTYMAST",953,"stmt1='select partyname from fas.partymast where partycode=''+partycode+'' '+"
"Process_TR_Bill_NJP.java","PARTYMAST",962,"stmt1='SELECT partycode,partyname FROM FAS.PARTYMAST WHERE CATCODE='BAN' '+"
"Process_TR_Bill_NJP.java","PARTYMAST",1211,"stmt1='select partyname from fas.partymast where partycode= ? '+"
"Process_TR_Bill_NJP.java","PARTYMAST",1233,"stmt1='SELECT partycode,partyname FROM FAS.PARTYMAST WHERE CATCODE='BAN' AND partycode=''+bankcode+'' '+"
"WA_Bill_Entry_PartnerModel.java","PARTYMAST",123,"String SQLselect=' SELECT COUNT(*) FROM PARTYMAST PM ' +"
